-- phpMyAdmin SQL Dump
-- version 4.5.1
-- http://www.phpmyadmin.net
--
-- Хост: 127.0.0.1
-- Время создания: Фев 13 2017 г., 00:30
-- Версия сервера: 10.1.16-MariaDB
-- Версия PHP: 5.6.24

SET SQL_MODE = "NO_AUTO_VALUE_ON_ZERO";
SET time_zone = "+00:00";


/*!40101 SET @OLD_CHARACTER_SET_CLIENT=@@CHARACTER_SET_CLIENT */;
/*!40101 SET @OLD_CHARACTER_SET_RESULTS=@@CHARACTER_SET_RESULTS */;
/*!40101 SET @OLD_COLLATION_CONNECTION=@@COLLATION_CONNECTION */;
/*!40101 SET NAMES utf8mb4 */;

--
-- База данных: `shop_apm`
--

-- --------------------------------------------------------

--
-- Структура таблицы `alias`
--

CREATE TABLE `alias` (
  `id` int(11) NOT NULL,
  `parent_id` int(11) NOT NULL,
  `name` varchar(50) NOT NULL,
  `uri` varchar(50) NOT NULL,
  `is_tag` tinyint(4) NOT NULL DEFAULT '0',
  `is_category` tinyint(4) NOT NULL DEFAULT '0',
  `controller` varchar(25) NOT NULL
) ENGINE=InnoDB DEFAULT CHARSET=utf8;

--
-- Дамп данных таблицы `alias`
--

INSERT INTO `alias` (`id`, `parent_id`, `name`, `uri`, `is_tag`, `is_category`, `controller`) VALUES
(1, 0, 'Посуда', 'tableware', 0, 1, 'category'),
(2, 1, 'Тарелки', 'plate', 0, 1, 'category'),
(3, 0, 'хз-test', 'copy', 0, 0, 'pages'),
(4, 0, 'nout', 'notebooks', 0, 1, 'category'),
(5, 4, 'Сенсорный', 'sensory', 0, 1, 'category'),
(6, 0, 'Прайс', 'price', 0, 0, 'product');

-- --------------------------------------------------------

--
-- Структура таблицы `category`
--

CREATE TABLE `category` (
  `id` int(11) NOT NULL,
  `parent_id` int(11) DEFAULT NULL,
  `alias_id` int(11) DEFAULT NULL,
  `name` varchar(255) NOT NULL,
  `description` text,
  `date_add` timestamp NOT NULL DEFAULT CURRENT_TIMESTAMP,
  `date_modify` timestamp NOT NULL DEFAULT CURRENT_TIMESTAMP
) ENGINE=InnoDB DEFAULT CHARSET=utf8;

--
-- Дамп данных таблицы `category`
--

INSERT INTO `category` (`id`, `parent_id`, `alias_id`, `name`, `description`, `date_add`, `date_modify`) VALUES
(1, 0, NULL, 'Телефоны', 'Телефоны и смартфоны любых производителей и различные ценовые категории', '2017-02-12 11:00:43', '2017-02-12 11:00:44'),
(2, 1, NULL, 'Не дорогие', '', '2017-02-12 11:00:43', '2017-02-12 11:00:44'),
(3, 1, NULL, 'Новинки', NULL, '2017-02-12 11:00:43', '2017-02-12 11:00:44'),
(4, 1, NULL, 'Смартфоны', NULL, '2017-02-12 11:00:43', '2017-02-12 11:00:44'),
(5, 1, NULL, 'Производительные', NULL, '2017-02-12 11:00:43', '2017-02-12 11:00:44'),
(6, 0, NULL, 'Телевизоры', NULL, '2017-02-12 11:00:43', '2017-02-12 11:00:44'),
(7, 0, NULL, 'Мониторы', NULL, '2017-02-12 11:00:43', '2017-02-12 11:00:44'),
(8, 7, NULL, '(4:3)', NULL, '2017-02-12 11:00:43', '2017-02-12 11:00:44'),
(9, 7, NULL, '(16:9)', NULL, '2017-02-12 11:00:43', '2017-02-12 11:00:44'),
(10, 6, NULL, 'SMART', NULL, '2017-02-12 11:00:43', '2017-02-12 11:00:44'),
(11, 6, NULL, 'Не дорогие', NULL, '2017-02-12 11:00:43', '2017-02-12 11:00:44'),
(12, 6, NULL, 'TOP продаж', NULL, '2017-02-12 11:00:43', '2017-02-12 11:00:44'),
(13, 0, 4, 'Ноутбуки', NULL, '2017-02-12 13:47:19', '2017-02-12 13:47:19'),
(14, 0, NULL, 'Аксессуары', NULL, '2017-02-12 13:48:50', '2017-02-12 13:48:50'),
(15, 0, NULL, 'Периферия', NULL, '2017-02-12 13:51:10', '2017-02-12 13:51:10'),
(16, 13, NULL, 'Ультрабуки', NULL, '2017-02-12 13:56:55', '2017-02-12 13:56:55'),
(17, 13, 5, 'Сенсорные', NULL, '2017-02-12 13:57:24', '2017-02-12 13:57:24'),
(19, 0, 0, 'Акция', 'Акция <br>Выгодные предложения на наши товары!', '2017-02-12 15:47:57', '2017-02-12 15:47:57'),
(20, 0, NULL, 'Распродажа', 'Распродажа Товара', '2017-02-12 15:48:42', '2017-02-12 15:48:42'),
(21, 0, NULL, 'Уценка', 'Уценка Товара', '2017-02-12 15:49:09', '2017-02-12 15:49:09');

-- --------------------------------------------------------

--
-- Структура таблицы `category_product`
--

CREATE TABLE `category_product` (
  `id` int(11) NOT NULL,
  `category_id` int(11) NOT NULL,
  `product_id` int(11) NOT NULL,
  `is_active` tinyint(4) NOT NULL DEFAULT '1',
  `date_add` timestamp NOT NULL DEFAULT CURRENT_TIMESTAMP
) ENGINE=InnoDB DEFAULT CHARSET=utf8;

--
-- Дамп данных таблицы `category_product`
--

INSERT INTO `category_product` (`id`, `category_id`, `product_id`, `is_active`, `date_add`) VALUES
(1, 19, 110, 1, '2017-02-12 15:49:44'),
(2, 19, 50, 1, '2017-02-12 15:49:52'),
(3, 19, 211, 1, '2017-02-12 15:50:04'),
(4, 19, 212, 1, '2017-02-12 15:50:10'),
(5, 19, 5, 1, '2017-02-12 15:50:20'),
(6, 19, 6, 1, '2017-02-12 15:50:28'),
(7, 20, 15, 1, '2017-02-12 15:50:36'),
(8, 17, 16, 1, '2017-02-12 15:50:43'),
(9, 20, 25, 1, '2017-02-12 15:50:51'),
(10, 20, 105, 1, '2017-02-12 15:51:00'),
(11, 21, 105, 1, '2017-02-12 15:51:14'),
(12, 21, 106, 1, '2017-02-12 15:51:25'),
(13, 21, 180, 1, '2017-02-12 15:52:12'),
(14, 21, 185, 1, '2017-02-12 15:52:33'),
(15, 21, 186, 1, '2017-02-12 15:52:43'),
(16, 21, 188, 1, '2017-02-12 15:52:50'),
(17, 20, 18, 1, '2017-02-12 15:53:05'),
(19, 9, 110, 1, '2017-02-12 22:05:28'),
(20, 9, 50, 1, '2017-02-12 22:05:38');

-- --------------------------------------------------------

--
-- Структура таблицы `menu`
--

CREATE TABLE `menu` (
  `id` int(11) NOT NULL,
  `parent_id` int(11) NOT NULL DEFAULT '0',
  `alias_id` int(11) DEFAULT NULL,
  `category_id` int(11) DEFAULT NULL,
  `page_id` int(11) DEFAULT NULL,
  `name` varchar(32) NOT NULL,
  `order` tinyint(3) UNSIGNED NOT NULL DEFAULT '100',
  `url` varchar(255) NOT NULL DEFAULT '/'
) ENGINE=InnoDB DEFAULT CHARSET=utf8;

-- --------------------------------------------------------

--
-- Структура таблицы `page`
--

CREATE TABLE `page` (
  `id` int(11) NOT NULL,
  `alias_id` int(11) DEFAULT NULL,
  `alias` varchar(50) DEFAULT NULL,
  `name` varchar(50) NOT NULL,
  `content` text,
  `is_published` tinyint(3) UNSIGNED NOT NULL
) ENGINE=InnoDB DEFAULT CHARSET=utf8;

--
-- Дамп данных таблицы `page`
--

INSERT INTO `page` (`id`, `alias_id`, `alias`, `name`, `content`, `is_published`) VALUES
(1, NULL, 'test', 'Test', 'Test page', 0),
(2, NULL, 'test2', 'Test2', 'Test page2', 1),
(3, 3, NULL, 'Mr.Copying', 'Go Programming!', 1);

-- --------------------------------------------------------

--
-- Структура таблицы `price`
--

CREATE TABLE `price` (
  `id` int(11) NOT NULL,
  `product_id` int(11) NOT NULL,
  `cost` float(10,2) DEFAULT '0.00',
  `cost_old` float(10,2),
  `percent` tinyint(4) DEFAULT NULL,
  `date_add` timestamp NOT NULL DEFAULT CURRENT_TIMESTAMP,
  `date_modify` timestamp NOT NULL DEFAULT CURRENT_TIMESTAMP,
  `user_id` int(11) NOT NULL DEFAULT '0'
) ENGINE=InnoDB DEFAULT CHARSET=utf8;

--
-- Дамп данных таблицы `price`
--

INSERT INTO `price` (`id`, `product_id`, `cost`, `cost_old`, `percent`, `date_add`, `date_modify`, `user_id`) VALUES
(1, 3, 150.00, NULL, NULL, '2017-02-12 11:49:08', '2017-02-12 11:49:08', 0),
(2, 2, 139.00, NULL, NULL, '2017-02-12 11:49:34', '2017-02-12 11:49:34', 0),
(3, 1, 110.00, NULL, NULL, '2017-02-12 11:51:04', '2017-02-12 11:51:04', 0),
(4, 4, 230.00, 250.00, NULL, '2017-02-12 11:53:12', '2017-02-12 11:53:12', 0),
(5, 10, 500.00, NULL, 20, '2017-02-12 11:53:35', '2017-02-12 11:53:35', 0),
(7, 3, 200.00, NULL, NULL, '2017-02-12 12:03:45', '2017-02-12 12:03:45', 0),
(16, 8, 1150.00, 1500.00, NULL, '2017-02-12 16:22:50', '2017-02-12 16:22:50', 0),
(481, 15, 3899.03, 4587.09, 15, '2017-02-12 19:30:22', '2017-02-12 19:30:22', 0),
(482, 16, 4922.71, 5791.42, 15, '2017-02-12 19:30:22', '2017-02-12 19:30:22', 0),
(483, 17, 2757.74, 3244.40, 15, '2017-02-12 19:30:22', '2017-02-12 19:30:22', 0),
(484, 18, 2788.67, 3280.79, 15, '2017-02-12 19:30:22', '2017-02-12 19:30:22', 0),
(485, 19, 1757.62, 2067.79, 15, '2017-02-12 19:30:22', '2017-02-12 19:30:22', 0),
(486, 20, 2318.44, 2727.58, 15, '2017-02-12 19:30:22', '2017-02-12 19:30:22', 0),
(487, 21, 3686.59, 4337.16, 15, '2017-02-12 19:30:22', '2017-02-12 19:30:22', 0),
(488, 22, 3612.09, 4249.52, 15, '2017-02-12 19:30:22', '2017-02-12 19:30:22', 0),
(489, 23, 4813.14, 5662.52, 15, '2017-02-12 19:30:22', '2017-02-12 19:30:22', 0),
(490, 24, 2537.81, 2985.66, 15, '2017-02-12 19:30:22', '2017-02-12 19:30:22', 0),
(491, 25, 4951.42, 5825.20, 15, '2017-02-12 19:30:22', '2017-02-12 19:30:22', 0),
(492, 26, 4456.95, 5243.47, 15, '2017-02-12 19:30:22', '2017-02-12 19:30:22', 0),
(493, 27, 2886.18, 3395.51, 15, '2017-02-12 19:30:22', '2017-02-12 19:30:22', 0),
(494, 28, 1348.93, 1586.98, 15, '2017-02-12 19:30:22', '2017-02-12 19:30:22', 0),
(495, 29, 2777.84, 3268.05, 15, '2017-02-12 19:30:22', '2017-02-12 19:30:22', 0),
(496, 30, 3836.37, 4513.38, 15, '2017-02-12 19:30:22', '2017-02-12 19:30:22', 0),
(497, 31, 2267.40, 2667.53, 15, '2017-02-12 19:30:22', '2017-02-12 19:30:22', 0),
(498, 32, 3669.95, 4317.59, 15, '2017-02-12 19:30:22', '2017-02-12 19:30:22', 0),
(499, 33, 2541.49, 2989.99, 15, '2017-02-12 19:30:22', '2017-02-12 19:30:22', 0),
(500, 34, 2093.49, 2462.93, 15, '2017-02-12 19:30:22', '2017-02-12 19:30:22', 0),
(501, 35, 3757.40, 4420.47, 15, '2017-02-12 19:30:22', '2017-02-12 19:30:22', 0),
(502, 36, 1608.96, 1892.89, 15, '2017-02-12 19:30:22', '2017-02-12 19:30:22', 0),
(503, 37, 4128.00, 4856.47, 15, '2017-02-12 19:30:22', '2017-02-12 19:30:22', 0),
(504, 38, 1401.43, 1648.74, 15, '2017-02-12 19:30:22', '2017-02-12 19:30:22', 0),
(505, 39, 2666.82, 3137.44, 15, '2017-02-12 19:30:22', '2017-02-12 19:30:22', 0),
(506, 40, 3744.11, 4404.84, 15, '2017-02-12 19:30:22', '2017-02-12 19:30:22', 0),
(507, 41, 1932.98, 2274.09, 15, '2017-02-12 19:30:22', '2017-02-12 19:30:22', 0),
(508, 42, 2103.32, 2474.49, 15, '2017-02-12 19:30:22', '2017-02-12 19:30:22', 0),
(509, 43, 3456.27, 4066.20, 15, '2017-02-12 19:30:22', '2017-02-12 19:30:22', 0),
(510, 44, 2183.51, 2568.84, 15, '2017-02-12 19:30:22', '2017-02-12 19:30:22', 0),
(511, 45, 3162.07, 3720.08, 15, '2017-02-12 19:30:22', '2017-02-12 19:30:22', 0),
(512, 46, 2712.28, 3190.92, 15, '2017-02-12 19:30:22', '2017-02-12 19:30:22', 0),
(513, 47, 1436.39, 1689.87, 15, '2017-02-12 19:30:22', '2017-02-12 19:30:22', 0),
(514, 48, 1845.30, 2170.94, 15, '2017-02-12 19:30:22', '2017-02-12 19:30:22', 0),
(515, 49, 2210.88, 2601.04, 15, '2017-02-12 19:30:22', '2017-02-12 19:30:22', 0),
(516, 50, 3571.43, 4201.68, 15, '2017-02-12 19:30:22', '2017-02-12 19:30:22', 0),
(517, 51, 4727.81, 5562.13, 15, '2017-02-12 19:30:22', '2017-02-12 19:30:22', 0),
(518, 52, 2157.60, 2538.35, 15, '2017-02-12 19:30:22', '2017-02-12 19:30:22', 0),
(519, 53, 2625.04, 3088.28, 15, '2017-02-12 19:30:22', '2017-02-12 19:30:22', 0),
(520, 54, 3193.90, 3757.53, 15, '2017-02-12 19:30:22', '2017-02-12 19:30:22', 0),
(521, 55, 4981.13, 5860.15, 15, '2017-02-12 19:30:22', '2017-02-12 19:30:22', 0),
(522, 56, 4378.54, 5151.22, 15, '2017-02-12 19:30:22', '2017-02-12 19:30:22', 0),
(523, 57, 2460.18, 2894.33, 15, '2017-02-12 19:30:22', '2017-02-12 19:30:22', 0),
(524, 58, 1922.82, 2262.14, 15, '2017-02-12 19:30:22', '2017-02-12 19:30:22', 0),
(525, 59, 2996.99, 3525.87, 15, '2017-02-12 19:30:22', '2017-02-12 19:30:22', 0),
(526, 60, 4276.22, 5030.85, 15, '2017-02-12 19:30:22', '2017-02-12 19:30:22', 0),
(527, 61, 1601.92, 1884.61, 15, '2017-02-12 19:30:22', '2017-02-12 19:30:22', 0),
(528, 62, 1931.31, 2272.13, 15, '2017-02-12 19:30:22', '2017-02-12 19:30:22', 0),
(529, 63, 1406.01, 1654.13, 15, '2017-02-12 19:30:22', '2017-02-12 19:30:22', 0),
(530, 64, 3108.79, 3657.40, 15, '2017-02-12 19:30:22', '2017-02-12 19:30:22', 0),
(531, 65, 1765.89, 2077.52, 15, '2017-02-12 19:30:22', '2017-02-12 19:30:22', 0),
(532, 66, 3562.49, 4191.16, 15, '2017-02-12 19:30:22', '2017-02-12 19:30:22', 0),
(533, 67, 4668.83, 5492.74, 15, '2017-02-12 19:30:22', '2017-02-12 19:30:22', 0),
(534, 68, 3964.37, 4663.96, 15, '2017-02-12 19:30:22', '2017-02-12 19:30:22', 0),
(535, 69, 2837.71, 3338.48, 15, '2017-02-12 19:30:22', '2017-02-12 19:30:22', 0),
(536, 70, 1669.49, 1964.11, 15, '2017-02-12 19:30:22', '2017-02-12 19:30:22', 0),
(537, 71, 4436.06, 5218.89, 15, '2017-02-12 19:30:22', '2017-02-12 19:30:22', 0),
(538, 72, 4441.09, 5224.81, 15, '2017-02-12 19:30:22', '2017-02-12 19:30:22', 0),
(539, 73, 2873.00, 3380.00, 15, '2017-02-12 19:30:22', '2017-02-12 19:30:22', 0),
(540, 74, 3915.45, 4606.41, 15, '2017-02-12 19:30:22', '2017-02-12 19:30:22', 0),
(541, 75, 1508.32, 1774.49, 15, '2017-02-12 19:30:22', '2017-02-12 19:30:22', 0),
(542, 76, 3967.05, 4667.12, 15, '2017-02-12 19:30:22', '2017-02-12 19:30:22', 0),
(543, 77, 1757.40, 2067.53, 15, '2017-02-12 19:30:22', '2017-02-12 19:30:22', 0),
(544, 78, 1493.46, 1757.01, 15, '2017-02-12 19:30:22', '2017-02-12 19:30:22', 0),
(545, 79, 2176.25, 2560.29, 15, '2017-02-12 19:30:22', '2017-02-12 19:30:22', 0),
(546, 80, 3800.40, 4471.06, 15, '2017-02-12 19:30:22', '2017-02-12 19:30:22', 0),
(547, 81, 4866.53, 5725.33, 15, '2017-02-12 19:30:22', '2017-02-12 19:30:22', 0),
(548, 82, 2066.68, 2431.39, 15, '2017-02-12 19:30:22', '2017-02-12 19:30:22', 0),
(549, 83, 3580.48, 4212.33, 15, '2017-02-12 19:30:22', '2017-02-12 19:30:22', 0),
(550, 84, 3369.26, 3963.84, 15, '2017-02-12 19:30:22', '2017-02-12 19:30:22', 0),
(551, 85, 4766.00, 5607.06, 15, '2017-02-12 19:30:22', '2017-02-12 19:30:22', 0),
(552, 86, 4148.22, 4880.26, 15, '2017-02-12 19:30:22', '2017-02-12 19:30:22', 0),
(553, 87, 4691.62, 5519.55, 15, '2017-02-12 19:30:22', '2017-02-12 19:30:22', 0),
(554, 88, 3931.76, 4625.60, 15, '2017-02-12 19:30:22', '2017-02-12 19:30:22', 0),
(555, 89, 3171.45, 3731.12, 15, '2017-02-12 19:30:22', '2017-02-12 19:30:22', 0),
(556, 90, 4421.20, 5201.41, 15, '2017-02-12 19:30:22', '2017-02-12 19:30:22', 0),
(557, 91, 2650.28, 3117.98, 15, '2017-02-12 19:30:22', '2017-02-12 19:30:22', 0),
(558, 92, 4916.01, 5783.54, 15, '2017-02-12 19:30:22', '2017-02-12 19:30:22', 0),
(559, 93, 3628.51, 4268.84, 15, '2017-02-12 19:30:22', '2017-02-12 19:30:22', 0),
(560, 94, 1398.75, 1645.59, 15, '2017-02-12 19:30:22', '2017-02-12 19:30:22', 0),
(561, 95, 3747.13, 4408.39, 15, '2017-02-12 19:30:22', '2017-02-12 19:30:22', 0),
(562, 96, 3920.14, 4611.93, 15, '2017-02-12 19:30:22', '2017-02-12 19:30:22', 0),
(563, 97, 4192.79, 4932.69, 15, '2017-02-12 19:30:22', '2017-02-12 19:30:22', 0),
(564, 98, 2744.00, 3228.24, 15, '2017-02-12 19:30:22', '2017-02-12 19:30:22', 0),
(565, 99, 1462.75, 1720.88, 15, '2017-02-12 19:30:22', '2017-02-12 19:30:22', 0),
(566, 100, 4032.28, 4743.86, 15, '2017-02-12 19:30:22', '2017-02-12 19:30:22', 0),
(567, 101, 4749.92, 5588.14, 15, '2017-02-12 19:30:22', '2017-02-12 19:30:22', 0),
(568, 102, 3310.07, 3894.20, 15, '2017-02-12 19:30:22', '2017-02-12 19:30:22', 0),
(569, 103, 2087.79, 2456.22, 15, '2017-02-12 19:30:22', '2017-02-12 19:30:22', 0),
(570, 104, 2850.55, 3353.59, 15, '2017-02-12 19:30:22', '2017-02-12 19:30:22', 0),
(571, 105, 3355.52, 3947.67, 15, '2017-02-12 19:30:22', '2017-02-12 19:30:22', 0),
(572, 106, 3440.08, 4047.15, 15, '2017-02-12 19:30:22', '2017-02-12 19:30:22', 0),
(573, 107, 2762.87, 3250.44, 15, '2017-02-12 19:30:22', '2017-02-12 19:30:22', 0),
(574, 108, 3463.09, 4074.22, 15, '2017-02-12 19:30:22', '2017-02-12 19:30:22', 0),
(575, 109, 3555.23, 4182.62, 15, '2017-02-12 19:30:22', '2017-02-12 19:30:22', 0),
(576, 110, 1647.16, 1937.84, 15, '2017-02-12 19:30:22', '2017-02-12 19:30:22', 0),
(577, 111, 2458.62, 2892.49, 15, '2017-02-12 19:30:22', '2017-02-12 19:30:22', 0),
(578, 112, 3468.00, 4080.00, 15, '2017-02-12 19:30:22', '2017-02-12 19:30:22', 0),
(579, 113, 3404.67, 4005.49, 15, '2017-02-12 19:30:22', '2017-02-12 19:30:22', 0),
(580, 114, 1934.43, 2275.80, 15, '2017-02-12 19:30:22', '2017-02-12 19:30:22', 0),
(581, 115, 1975.65, 2324.29, 15, '2017-02-12 19:30:22', '2017-02-12 19:30:22', 0),
(582, 116, 2293.42, 2698.14, 15, '2017-02-12 19:30:22', '2017-02-12 19:30:22', 0),
(583, 117, 2789.46, 3281.72, 15, '2017-02-12 19:30:22', '2017-02-12 19:30:22', 0),
(584, 118, 2815.03, 3311.80, 15, '2017-02-12 19:30:22', '2017-02-12 19:30:22', 0),
(585, 119, 3944.60, 4640.71, 15, '2017-02-12 19:30:22', '2017-02-12 19:30:22', 0),
(586, 120, 4857.48, 5714.68, 15, '2017-02-12 19:30:22', '2017-02-12 19:30:22', 0),
(587, 121, 3425.22, 4029.67, 15, '2017-02-12 19:30:22', '2017-02-12 19:30:22', 0),
(588, 122, 4632.08, 5449.51, 15, '2017-02-12 19:30:22', '2017-02-12 19:30:22', 0),
(589, 123, 1846.08, 2171.86, 15, '2017-02-12 19:30:22', '2017-02-12 19:30:22', 0),
(590, 124, 3268.29, 3845.05, 15, '2017-02-12 19:30:22', '2017-02-12 19:30:22', 0),
(591, 125, 1537.58, 1808.92, 15, '2017-02-12 19:30:22', '2017-02-12 19:30:22', 0),
(592, 126, 2238.69, 2633.75, 15, '2017-02-12 19:30:22', '2017-02-12 19:30:22', 0),
(593, 127, 1970.73, 2318.51, 15, '2017-02-12 19:30:22', '2017-02-12 19:30:22', 0),
(594, 128, 2443.98, 2875.27, 15, '2017-02-12 19:30:22', '2017-02-12 19:30:22', 0),
(595, 129, 2502.18, 2943.74, 15, '2017-02-12 19:30:22', '2017-02-12 19:30:22', 0),
(596, 130, 3298.00, 3880.00, 15, '2017-02-12 19:30:22', '2017-02-12 19:30:22', 0),
(643, 131, 2768.46, 3022.46, 0, '2017-02-12 19:38:45', '2017-02-12 19:38:45', 0),
(644, 132, 4713.51, 5521.51, 0, '2017-02-12 19:38:45', '2017-02-12 19:38:45', 0),
(645, 133, 4783.88, 5593.88, 0, '2017-02-12 19:38:45', '2017-02-12 19:38:45', 0),
(646, 134, 4738.08, 5350.08, 0, '2017-02-12 19:38:45', '2017-02-12 19:38:45', 0),
(647, 135, 2560.26, 2742.26, 0, '2017-02-12 19:38:45', '2017-02-12 19:38:45', 0),
(648, 136, 2525.19, 3289.19, 0, '2017-02-12 19:38:45', '2017-02-12 19:38:45', 0),
(649, 137, 3303.25, 4141.25, 0, '2017-02-12 19:38:45', '2017-02-12 19:38:45', 0),
(650, 138, 4365.47, 5004.47, 0, '2017-02-12 19:38:45', '2017-02-12 19:38:45', 0),
(651, 139, 1408.46, 2373.46, 0, '2017-02-12 19:38:45', '2017-02-12 19:38:45', 0),
(652, 140, 3739.53, 3828.53, 0, '2017-02-12 19:38:45', '2017-02-12 19:38:45', 0),
(653, 141, 4081.54, 4257.54, 0, '2017-02-12 19:38:45', '2017-02-12 19:38:45', 0),
(654, 142, 3278.01, 3669.01, 0, '2017-02-12 19:38:45', '2017-02-12 19:38:45', 0),
(655, 143, 2058.08, 2520.08, 0, '2017-02-12 19:38:45', '2017-02-12 19:38:45', 0),
(656, 144, 3781.53, 4227.53, 0, '2017-02-12 19:38:45', '2017-02-12 19:38:45', 0),
(657, 145, 2543.73, 3030.73, 0, '2017-02-12 19:38:45', '2017-02-12 19:38:45', 0),
(658, 146, 4220.71, 4801.71, 0, '2017-02-12 19:38:45', '2017-02-12 19:38:45', 0),
(659, 147, 3594.10, 3933.10, 0, '2017-02-12 19:38:45', '2017-02-12 19:38:45', 0),
(660, 148, 1736.18, 2383.18, 0, '2017-02-12 19:38:45', '2017-02-12 19:38:45', 0),
(661, 149, 1434.82, 2016.82, 0, '2017-02-12 19:38:45', '2017-02-12 19:38:45', 0),
(662, 150, 2618.56, 3590.56, 0, '2017-02-12 19:38:45', '2017-02-12 19:38:45', 0),
(663, 151, 1441.53, 1797.53, 0, '2017-02-12 19:38:45', '2017-02-12 19:38:45', 0),
(664, 152, 4008.49, 4463.49, 0, '2017-02-12 19:38:45', '2017-02-12 19:38:45', 0),
(665, 153, 3499.83, 3724.83, 0, '2017-02-12 19:38:45', '2017-02-12 19:38:45', 0),
(666, 154, 4876.58, 5250.58, 0, '2017-02-12 19:38:45', '2017-02-12 19:38:45', 0),
(667, 155, 2005.36, 2282.36, 0, '2017-02-12 19:38:45', '2017-02-12 19:38:45', 0),
(668, 156, 2363.45, 2945.45, 0, '2017-02-12 19:38:45', '2017-02-12 19:38:45', 0),
(669, 157, 4163.75, 4290.75, 0, '2017-02-12 19:38:45', '2017-02-12 19:38:45', 0),
(670, 158, 2759.75, 3212.75, 0, '2017-02-12 19:38:45', '2017-02-12 19:38:45', 0),
(671, 159, 4370.61, 5184.61, 0, '2017-02-12 19:38:45', '2017-02-12 19:38:45', 0),
(672, 160, 3206.08, 3997.08, 0, '2017-02-12 19:38:45', '2017-02-12 19:38:45', 0),
(673, 161, 2511.56, 2562.56, 0, '2017-02-12 19:38:45', '2017-02-12 19:38:45', 0),
(674, 162, 2673.07, 3643.07, 0, '2017-02-12 19:38:45', '2017-02-12 19:38:45', 0),
(675, 163, 3962.25, 4742.25, 0, '2017-02-12 19:38:45', '2017-02-12 19:38:45', 0),
(676, 164, 1961.35, 2804.35, 0, '2017-02-12 19:38:45', '2017-02-12 19:38:45', 0),
(677, 165, 4948.29, 5659.29, 0, '2017-02-12 19:38:45', '2017-02-12 19:38:45', 0),
(678, 166, 3701.55, 4438.55, 0, '2017-02-12 19:38:45', '2017-02-12 19:38:45', 0),
(679, 167, 3525.30, 4411.30, 0, '2017-02-12 19:38:45', '2017-02-12 19:38:45', 0),
(680, 168, 1374.29, 1876.29, 0, '2017-02-12 19:38:45', '2017-02-12 19:38:45', 0),
(681, 169, 3238.92, 4156.92, 0, '2017-02-12 19:38:45', '2017-02-12 19:38:45', 0),
(682, 170, 4930.20, 5396.20, 0, '2017-02-12 19:38:45', '2017-02-12 19:38:45', 0),
(683, 171, 2144.75, 3040.75, 0, '2017-02-12 19:38:45', '2017-02-12 19:38:45', 0),
(684, 172, 4189.88, 4670.88, 0, '2017-02-12 19:38:45', '2017-02-12 19:38:45', 0),
(685, 173, 3788.45, 4222.45, 0, '2017-02-12 19:38:45', '2017-02-12 19:38:45', 0),
(686, 174, 1783.98, 2655.98, 0, '2017-02-12 19:38:45', '2017-02-12 19:38:45', 0),
(687, 175, 2565.62, 3137.62, 0, '2017-02-12 19:38:45', '2017-02-12 19:38:45', 0),
(688, 176, 2173.13, 2714.13, 0, '2017-02-12 19:38:45', '2017-02-12 19:38:45', 0),
(689, 177, 2021.89, 2527.36, 20, '2017-02-12 19:43:12', '2017-02-12 19:43:12', 0),
(690, 178, 4703.12, 5878.90, 20, '2017-02-12 19:43:12', '2017-02-12 19:43:12', 0),
(691, 179, 4327.94, 5409.93, 20, '2017-02-12 19:43:12', '2017-02-12 19:43:12', 0),
(692, 180, 4093.49, 5116.86, 20, '2017-02-12 19:43:12', '2017-02-12 19:43:12', 0),
(693, 181, 3872.89, 4841.11, 20, '2017-02-12 19:43:12', '2017-02-12 19:43:12', 0),
(694, 182, 3560.71, 4450.89, 20, '2017-02-12 19:43:12', '2017-02-12 19:43:12', 0),
(695, 183, 1729.03, 2161.29, 20, '2017-02-12 19:43:12', '2017-02-12 19:43:12', 0),
(696, 184, 2861.72, 3577.15, 20, '2017-02-12 19:43:12', '2017-02-12 19:43:12', 0),
(697, 185, 4344.25, 5430.31, 20, '2017-02-12 19:43:12', '2017-02-12 19:43:12', 0),
(698, 186, 2096.61, 2620.76, 20, '2017-02-12 19:43:12', '2017-02-12 19:43:12', 0),
(699, 187, 4327.04, 5408.80, 20, '2017-02-12 19:43:12', '2017-02-12 19:43:12', 0),
(700, 188, 4453.59, 5566.99, 20, '2017-02-12 19:43:12', '2017-02-12 19:43:12', 0),
(701, 189, 1491.56, 1864.45, 20, '2017-02-12 19:43:12', '2017-02-12 19:43:12', 0),
(702, 190, 4313.98, 5392.48, 20, '2017-02-12 19:43:12', '2017-02-12 19:43:12', 0),
(703, 191, 1942.59, 2428.24, 20, '2017-02-12 19:43:12', '2017-02-12 19:43:12', 0),
(704, 192, 4637.22, 5796.53, 20, '2017-02-12 19:43:12', '2017-02-12 19:43:12', 0),
(705, 193, 2520.50, 3150.63, 20, '2017-02-12 19:43:12', '2017-02-12 19:43:12', 0),
(706, 194, 1405.89, 1757.36, 20, '2017-02-12 19:43:12', '2017-02-12 19:43:12', 0),
(707, 195, 4526.31, 5657.89, 20, '2017-02-12 19:43:12', '2017-02-12 19:43:12', 0),
(708, 196, 4670.73, 5838.41, 20, '2017-02-12 19:43:12', '2017-02-12 19:43:12', 0),
(709, 197, 1826.65, 2283.31, 20, '2017-02-12 19:43:12', '2017-02-12 19:43:12', 0),
(710, 198, 4695.53, 5869.41, 20, '2017-02-12 19:43:12', '2017-02-12 19:43:12', 0),
(711, 199, 1898.80, 2373.50, 20, '2017-02-12 19:43:12', '2017-02-12 19:43:12', 0),
(712, 200, 3982.24, 4977.80, 20, '2017-02-12 19:43:12', '2017-02-12 19:43:12', 0),
(713, 201, 2955.66, 3694.58, 20, '2017-02-12 19:43:12', '2017-02-12 19:43:12', 0),
(714, 202, 1715.96, 2144.95, 20, '2017-02-12 19:43:12', '2017-02-12 19:43:12', 0),
(715, 203, 4010.73, 5013.41, 20, '2017-02-12 19:43:12', '2017-02-12 19:43:12', 0),
(716, 204, 3829.89, 4787.36, 20, '2017-02-12 19:43:12', '2017-02-12 19:43:12', 0),
(717, 205, 3963.14, 4953.93, 20, '2017-02-12 19:43:12', '2017-02-12 19:43:12', 0),
(718, 206, 3790.35, 4737.94, 20, '2017-02-12 19:43:12', '2017-02-12 19:43:12', 0),
(719, 207, 4342.68, 5428.35, 20, '2017-02-12 19:43:12', '2017-02-12 19:43:12', 0),
(720, 208, 3641.80, 4552.25, 20, '2017-02-12 19:43:12', '2017-02-12 19:43:12', 0),
(721, 209, 4734.73, 5918.41, 20, '2017-02-12 19:43:12', '2017-02-12 19:43:12', 0),
(722, 210, 2111.80, 2639.75, 20, '2017-02-12 19:43:12', '2017-02-12 19:43:12', 0),
(723, 211, 1865.29, 2331.61, 20, '2017-02-12 19:43:12', '2017-02-12 19:43:12', 0),
(724, 212, 4676.09, 5845.11, 20, '2017-02-12 19:43:12', '2017-02-12 19:43:12', 0),
(725, 213, 3326.04, 4157.55, 20, '2017-02-12 19:43:12', '2017-02-12 19:43:12', 0),
(726, 214, 4343.46, 5429.33, 20, '2017-02-12 19:43:12', '2017-02-12 19:43:12', 0),
(727, 215, 4699.21, 5874.01, 20, '2017-02-12 19:43:12', '2017-02-12 19:43:12', 0),
(728, 216, 2700.88, 3376.10, 20, '2017-02-12 19:43:12', '2017-02-12 19:43:12', 0),
(729, 217, 3282.70, 4103.38, 20, '2017-02-12 19:43:12', '2017-02-12 19:43:12', 0),
(730, 218, 1678.43, 2098.04, 20, '2017-02-12 19:43:12', '2017-02-12 19:43:12', 0),
(731, 219, 4495.03, 5618.79, 20, '2017-02-12 19:43:12', '2017-02-12 19:43:12', 0),
(732, 220, 2634.31, 3292.89, 20, '2017-02-12 19:43:12', '2017-02-12 19:43:12', 0),
(733, 221, 2660.34, 3325.43, 20, '2017-02-12 19:43:12', '2017-02-12 19:43:12', 0),
(734, 222, 1779.85, 2224.81, 20, '2017-02-12 19:43:12', '2017-02-12 19:43:12', 0),
(735, 223, 2053.39, 2566.74, 20, '2017-02-12 19:43:12', '2017-02-12 19:43:12', 0),
(736, 224, 3904.50, 4880.63, 20, '2017-02-12 19:43:12', '2017-02-12 19:43:12', 0),
(737, 225, 1344.57, 1680.71, 20, '2017-02-12 19:43:12', '2017-02-12 19:43:12', 0),
(738, 226, 3160.84, 3951.05, 20, '2017-02-12 19:43:12', '2017-02-12 19:43:12', 0),
(739, 227, 3664.92, 4581.15, 20, '2017-02-12 19:43:12', '2017-02-12 19:43:12', 0),
(740, 228, 4109.58, 5136.98, 20, '2017-02-12 19:43:12', '2017-02-12 19:43:12', 0),
(741, 229, 4711.05, 5888.81, 20, '2017-02-12 19:43:12', '2017-02-12 19:43:12', 0),
(742, 230, 2504.52, 3130.65, 20, '2017-02-12 19:43:12', '2017-02-12 19:43:12', 0),
(743, 231, 12810.23, 13024.23, 0, '2017-02-12 19:45:46', '2017-02-12 19:45:46', 0),
(744, 232, 11665.36, 11794.36, 0, '2017-02-12 19:45:46', '2017-02-12 19:45:46', 0),
(745, 233, 12119.96, 12561.96, 0, '2017-02-12 19:45:46', '2017-02-12 19:45:46', 0),
(746, 234, 14903.17, 15027.17, 0, '2017-02-12 19:45:46', '2017-02-12 19:45:46', 0),
(747, 235, 12394.73, 12496.73, 0, '2017-02-12 19:45:46', '2017-02-12 19:45:46', 0),
(748, 236, 13330.06, 13775.06, 0, '2017-02-12 19:45:46', '2017-02-12 19:45:46', 0),
(749, 237, 12605.16, 12856.16, 0, '2017-02-12 19:45:46', '2017-02-12 19:45:46', 0),
(750, 238, 12321.68, 12555.68, 0, '2017-02-12 19:45:46', '2017-02-12 19:45:46', 0),
(751, 239, 13551.88, 13917.88, 0, '2017-02-12 19:45:46', '2017-02-12 19:45:46', 0),
(752, 240, 11763.65, 11972.65, 0, '2017-02-12 19:45:46', '2017-02-12 19:45:46', 0),
(753, 241, 14205.52, 14359.52, 0, '2017-02-12 19:45:46', '2017-02-12 19:45:46', 0),
(754, 242, 13371.61, 13783.61, 0, '2017-02-12 19:45:46', '2017-02-12 19:45:46', 0),
(755, 243, 11706.69, 12150.69, 0, '2017-02-12 19:45:46', '2017-02-12 19:45:46', 0),
(756, 244, 13371.16, 13579.16, 0, '2017-02-12 19:45:46', '2017-02-12 19:45:46', 0),
(757, 245, 12346.03, 12837.03, 0, '2017-02-12 19:45:46', '2017-02-12 19:45:46', 0),
(758, 246, 13477.94, 13569.94, 0, '2017-02-12 19:45:46', '2017-02-12 19:45:46', 0),
(759, 247, 13264.16, 13487.16, 0, '2017-02-12 19:45:46', '2017-02-12 19:45:46', 0),
(760, 248, 13577.57, 13908.57, 0, '2017-02-12 19:45:46', '2017-02-12 19:45:46', 0),
(761, 249, 13431.70, 13677.70, 0, '2017-02-12 19:45:46', '2017-02-12 19:45:46', 0),
(762, 250, 11725.68, 11790.68, 0, '2017-02-12 19:45:46', '2017-02-12 19:45:46', 0),
(763, 251, 13649.28, 14140.28, 0, '2017-02-12 19:45:46', '2017-02-12 19:45:46', 0),
(764, 252, 11467.89, 11931.89, 0, '2017-02-12 19:45:46', '2017-02-12 19:45:46', 0),
(765, 253, 12887.52, 13097.52, 0, '2017-02-12 19:45:46', '2017-02-12 19:45:46', 0),
(766, 254, 14519.83, 14737.83, 0, '2017-02-12 19:45:46', '2017-02-12 19:45:46', 0),
(767, 255, 11947.06, 12181.06, 0, '2017-02-12 19:45:46', '2017-02-12 19:45:46', 0),
(768, 256, 13447.11, 13943.11, 0, '2017-02-12 19:45:46', '2017-02-12 19:45:46', 0),
(769, 257, 13458.51, 13726.51, 0, '2017-02-12 19:45:46', '2017-02-12 19:45:46', 0),
(770, 258, 13625.38, 14063.38, 0, '2017-02-12 19:45:46', '2017-02-12 19:45:46', 0);

-- --------------------------------------------------------

--
-- Структура таблицы `product`
--

CREATE TABLE `product` (
  `id` int(11) NOT NULL,
  `category_id` int(11) DEFAULT NULL,
  `name` varchar(50) DEFAULT NULL,
  `name_full` varchar(250) DEFAULT NULL,
  `description` tinytext,
  `description_full` text,
  `img_small` varchar(250) DEFAULT NULL,
  `img_middle` varchar(250) DEFAULT NULL,
  `date_add` timestamp NOT NULL DEFAULT CURRENT_TIMESTAMP ON UPDATE CURRENT_TIMESTAMP,
  `date_modify` timestamp NOT NULL DEFAULT CURRENT_TIMESTAMP
) ENGINE=InnoDB DEFAULT CHARSET=utf8;

--
-- Дамп данных таблицы `product`
--

INSERT INTO `product` (`id`, `category_id`, `name`, `name_full`, `description`, `description_full`, `img_small`, `img_middle`, `date_add`, `date_modify`) VALUES
(1, 1, 'Nokia 1100', 'Nokia 1100', 'Nokia 1100 description', 'Nokia 1100 description Fullllllllllllll', NULL, NULL, '2017-02-12 11:03:22', '2017-02-12 11:03:22'),
(2, 1, 'Nokia 2200', 'Nokia 2200 red + blue', 'Nokia 2200 desc', 'Nokia 2200 description', NULL, NULL, '2017-02-12 11:05:33', '2017-02-12 11:05:33'),
(3, 1, 'Nokia 3300', 'Nokia 3300', 'Nokia 3300 desc', 'Nokia 3300 desc full', NULL, NULL, '2017-02-12 11:06:01', '2017-02-12 11:06:01'),
(4, 1, 'Nokia12', 'Nokia12 Full', 'Nokia12 description', 'Nokia12 description Full', NULL, NULL, '2017-02-12 11:12:55', '2017-02-12 11:12:55'),
(5, 1, 'Nokia112', 'Nokia112 Full', 'Nokia112 description', 'Nokia112 description Full', NULL, NULL, '2017-02-12 11:15:34', '2017-02-12 11:15:34'),
(6, 1, 'Nokia15', 'Nokia15 Full', 'Nokia15 description', 'Nokia15 description Full', NULL, NULL, '2017-02-12 11:16:58', '2017-02-12 11:16:58'),
(7, 1, 'Nokia17', 'Nokia17 Full', 'Nokia17 description', 'Nokia17 description Full', NULL, NULL, '2017-02-12 11:16:58', '2017-02-12 11:16:58'),
(9, 1, 'Nokia1000', 'Nokia1000Full', 'Nokia1000Description', 'Nokia1000DescriptionFull', NULL, NULL, '2017-02-12 11:32:17', '2017-02-12 11:32:17'),
(10, 1, 'Nokia1010', 'Nokia1010Full', 'Nokia1010Description', 'Nokia1010DescriptionFull', NULL, NULL, '2017-02-12 11:32:17', '2017-02-12 11:32:17'),
(11, 1, 'Nokia1020', 'Nokia1020Full', 'Nokia1020Description', 'Nokia1020DescriptionFull', NULL, NULL, '2017-02-12 11:32:17', '2017-02-12 11:32:17'),
(12, 1, 'Nokia1030', 'Nokia1030Full', 'Nokia1030Description', 'Nokia1030DescriptionFull', NULL, NULL, '2017-02-12 11:32:17', '2017-02-12 11:32:17'),
(13, 1, 'Nokia1040', 'Nokia1040Full', 'Nokia1040Description', 'Nokia1040DescriptionFull', NULL, NULL, '2017-02-12 11:32:17', '2017-02-12 11:32:17'),
(14, 1, 'Nokia1050', 'Nokia1050Full', 'Nokia1050Description', 'Nokia1050DescriptionFull', NULL, NULL, '2017-02-12 11:32:17', '2017-02-12 11:32:17'),
(15, 1, 'Nokia1060', 'Nokia1060Full', 'Nokia1060Description', 'Nokia1060DescriptionFull', NULL, NULL, '2017-02-12 11:32:17', '2017-02-12 11:32:17'),
(16, 1, 'Nokia1070', 'Nokia1070Full', 'Nokia1070Description', 'Nokia1070DescriptionFull', NULL, NULL, '2017-02-12 11:32:17', '2017-02-12 11:32:17'),
(17, 1, 'Nokia1080', 'Nokia1080Full', 'Nokia1080Description', 'Nokia1080DescriptionFull', NULL, NULL, '2017-02-12 11:32:17', '2017-02-12 11:32:17'),
(18, 1, 'Nokia1090', 'Nokia1090Full', 'Nokia1090Description', 'Nokia1090DescriptionFull', NULL, NULL, '2017-02-12 11:32:17', '2017-02-12 11:32:17'),
(19, 1, 'Nokia1100', 'Nokia1100Full', 'Nokia1100Description', 'Nokia1100DescriptionFull', NULL, NULL, '2017-02-12 11:32:17', '2017-02-12 11:32:17'),
(20, 1, 'Nokia1110', 'Nokia1110Full', 'Nokia1110Description', 'Nokia1110DescriptionFull', NULL, NULL, '2017-02-12 11:32:17', '2017-02-12 11:32:17'),
(21, 1, 'Nokia1120', 'Nokia1120Full', 'Nokia1120Description', 'Nokia1120DescriptionFull', NULL, NULL, '2017-02-12 11:32:17', '2017-02-12 11:32:17'),
(22, 1, 'Nokia1130', 'Nokia1130Full', 'Nokia1130Description', 'Nokia1130DescriptionFull', NULL, NULL, '2017-02-12 11:32:17', '2017-02-12 11:32:17'),
(23, 1, 'Nokia1140', 'Nokia1140Full', 'Nokia1140Description', 'Nokia1140DescriptionFull', NULL, NULL, '2017-02-12 11:32:17', '2017-02-12 11:32:17'),
(24, 1, 'Nokia1150', 'Nokia1150Full', 'Nokia1150Description', 'Nokia1150DescriptionFull', NULL, NULL, '2017-02-12 11:32:17', '2017-02-12 11:32:17'),
(25, 1, 'Nokia1160', 'Nokia1160Full', 'Nokia1160Description', 'Nokia1160DescriptionFull', NULL, NULL, '2017-02-12 11:32:17', '2017-02-12 11:32:17'),
(26, 1, 'Nokia1170', 'Nokia1170Full', 'Nokia1170Description', 'Nokia1170DescriptionFull', NULL, NULL, '2017-02-12 11:32:17', '2017-02-12 11:32:17'),
(27, 1, 'Nokia1180', 'Nokia1180Full', 'Nokia1180Description', 'Nokia1180DescriptionFull', NULL, NULL, '2017-02-12 11:32:17', '2017-02-12 11:32:17'),
(28, 1, 'Nokia1190', 'Nokia1190Full', 'Nokia1190Description', 'Nokia1190DescriptionFull', NULL, NULL, '2017-02-12 11:32:17', '2017-02-12 11:32:17'),
(29, 1, 'Nokia1200', 'Nokia1200Full', 'Nokia1200Description', 'Nokia1200DescriptionFull', NULL, NULL, '2017-02-12 11:32:17', '2017-02-12 11:32:17'),
(30, 1, 'Nokia1210', 'Nokia1210Full', 'Nokia1210Description', 'Nokia1210DescriptionFull', NULL, NULL, '2017-02-12 11:32:17', '2017-02-12 11:32:17'),
(31, 1, 'Nokia1220', 'Nokia1220Full', 'Nokia1220Description', 'Nokia1220DescriptionFull', NULL, NULL, '2017-02-12 11:32:17', '2017-02-12 11:32:17'),
(32, 1, 'Nokia1230', 'Nokia1230Full', 'Nokia1230Description', 'Nokia1230DescriptionFull', NULL, NULL, '2017-02-12 11:32:17', '2017-02-12 11:32:17'),
(33, 1, 'Nokia1240', 'Nokia1240Full', 'Nokia1240Description', 'Nokia1240DescriptionFull', NULL, NULL, '2017-02-12 11:32:17', '2017-02-12 11:32:17'),
(34, 1, 'Nokia1250', 'Nokia1250Full', 'Nokia1250Description', 'Nokia1250DescriptionFull', NULL, NULL, '2017-02-12 11:32:17', '2017-02-12 11:32:17'),
(35, 1, 'Nokia1260', 'Nokia1260Full', 'Nokia1260Description', 'Nokia1260DescriptionFull', NULL, NULL, '2017-02-12 11:32:17', '2017-02-12 11:32:17'),
(36, 1, 'Nokia1270', 'Nokia1270Full', 'Nokia1270Description', 'Nokia1270DescriptionFull', NULL, NULL, '2017-02-12 11:32:17', '2017-02-12 11:32:17'),
(37, 1, 'Nokia1280', 'Nokia1280Full', 'Nokia1280Description', 'Nokia1280DescriptionFull', NULL, NULL, '2017-02-12 11:32:17', '2017-02-12 11:32:17'),
(38, 1, 'Nokia1290', 'Nokia1290Full', 'Nokia1290Description', 'Nokia1290DescriptionFull', NULL, NULL, '2017-02-12 11:32:17', '2017-02-12 11:32:17'),
(39, 1, 'Nokia1300', 'Nokia1300Full', 'Nokia1300Description', 'Nokia1300DescriptionFull', NULL, NULL, '2017-02-12 11:32:17', '2017-02-12 11:32:17'),
(40, 1, 'Nokia1310', 'Nokia1310Full', 'Nokia1310Description', 'Nokia1310DescriptionFull', NULL, NULL, '2017-02-12 11:32:17', '2017-02-12 11:32:17'),
(41, 1, 'Nokia1320', 'Nokia1320Full', 'Nokia1320Description', 'Nokia1320DescriptionFull', NULL, NULL, '2017-02-12 11:32:17', '2017-02-12 11:32:17'),
(42, 1, 'Nokia1330', 'Nokia1330Full', 'Nokia1330Description', 'Nokia1330DescriptionFull', NULL, NULL, '2017-02-12 11:32:17', '2017-02-12 11:32:17'),
(43, 1, 'Nokia1340', 'Nokia1340Full', 'Nokia1340Description', 'Nokia1340DescriptionFull', NULL, NULL, '2017-02-12 11:32:17', '2017-02-12 11:32:17'),
(44, 1, 'Nokia1350', 'Nokia1350Full', 'Nokia1350Description', 'Nokia1350DescriptionFull', NULL, NULL, '2017-02-12 11:32:17', '2017-02-12 11:32:17'),
(45, 1, 'Nokia1360', 'Nokia1360Full', 'Nokia1360Description', 'Nokia1360DescriptionFull', NULL, NULL, '2017-02-12 11:32:17', '2017-02-12 11:32:17'),
(46, 1, 'Nokia1370', 'Nokia1370Full', 'Nokia1370Description', 'Nokia1370DescriptionFull', NULL, NULL, '2017-02-12 11:32:17', '2017-02-12 11:32:17'),
(47, 1, 'Nokia1380', 'Nokia1380Full', 'Nokia1380Description', 'Nokia1380DescriptionFull', NULL, NULL, '2017-02-12 11:32:17', '2017-02-12 11:32:17'),
(48, 1, 'Nokia1390', 'Nokia1390Full', 'Nokia1390Description', 'Nokia1390DescriptionFull', NULL, NULL, '2017-02-12 11:32:17', '2017-02-12 11:32:17'),
(49, 1, 'Nokia1400', 'Nokia1400Full', 'Nokia1400Description', 'Nokia1400DescriptionFull', NULL, NULL, '2017-02-12 11:32:17', '2017-02-12 11:32:17'),
(50, 1, 'Nokia1410', 'Nokia1410Full', 'Nokia1410Description', 'Nokia1410DescriptionFull', NULL, NULL, '2017-02-12 11:32:17', '2017-02-12 11:32:17'),
(51, 1, 'Nokia1420', 'Nokia1420Full', 'Nokia1420Description', 'Nokia1420DescriptionFull', NULL, NULL, '2017-02-12 11:32:17', '2017-02-12 11:32:17'),
(52, 1, 'Nokia1430', 'Nokia1430Full', 'Nokia1430Description', 'Nokia1430DescriptionFull', NULL, NULL, '2017-02-12 11:32:17', '2017-02-12 11:32:17'),
(53, 1, 'Nokia1440', 'Nokia1440Full', 'Nokia1440Description', 'Nokia1440DescriptionFull', NULL, NULL, '2017-02-12 11:32:17', '2017-02-12 11:32:17'),
(54, 1, 'Nokia1450', 'Nokia1450Full', 'Nokia1450Description', 'Nokia1450DescriptionFull', NULL, NULL, '2017-02-12 11:32:17', '2017-02-12 11:32:17'),
(55, 1, 'Nokia1460', 'Nokia1460Full', 'Nokia1460Description', 'Nokia1460DescriptionFull', NULL, NULL, '2017-02-12 11:32:17', '2017-02-12 11:32:17'),
(56, 1, 'Nokia1470', 'Nokia1470Full', 'Nokia1470Description', 'Nokia1470DescriptionFull', NULL, NULL, '2017-02-12 11:32:17', '2017-02-12 11:32:17'),
(57, 1, 'Nokia1480', 'Nokia1480Full', 'Nokia1480Description', 'Nokia1480DescriptionFull', NULL, NULL, '2017-02-12 11:32:17', '2017-02-12 11:32:17'),
(58, 1, 'Nokia1490', 'Nokia1490Full', 'Nokia1490Description', 'Nokia1490DescriptionFull', NULL, NULL, '2017-02-12 11:32:17', '2017-02-12 11:32:17'),
(59, 1, 'Nokia1500', 'Nokia1500Full', 'Nokia1500Description', 'Nokia1500DescriptionFull', NULL, NULL, '2017-02-12 11:32:17', '2017-02-12 11:32:17'),
(60, 1, 'Nokia1510', 'Nokia1510Full', 'Nokia1510Description', 'Nokia1510DescriptionFull', NULL, NULL, '2017-02-12 11:32:17', '2017-02-12 11:32:17'),
(61, 1, 'Nokia1520', 'Nokia1520Full', 'Nokia1520Description', 'Nokia1520DescriptionFull', NULL, NULL, '2017-02-12 11:32:17', '2017-02-12 11:32:17'),
(62, 1, 'Nokia1530', 'Nokia1530Full', 'Nokia1530Description', 'Nokia1530DescriptionFull', NULL, NULL, '2017-02-12 11:32:17', '2017-02-12 11:32:17'),
(63, 1, 'Nokia1540', 'Nokia1540Full', 'Nokia1540Description', 'Nokia1540DescriptionFull', NULL, NULL, '2017-02-12 11:32:17', '2017-02-12 11:32:17'),
(64, 1, 'Nokia1550', 'Nokia1550Full', 'Nokia1550Description', 'Nokia1550DescriptionFull', NULL, NULL, '2017-02-12 11:32:17', '2017-02-12 11:32:17'),
(65, 1, 'Nokia1560', 'Nokia1560Full', 'Nokia1560Description', 'Nokia1560DescriptionFull', NULL, NULL, '2017-02-12 11:32:17', '2017-02-12 11:32:17'),
(66, 1, 'Nokia1570', 'Nokia1570Full', 'Nokia1570Description', 'Nokia1570DescriptionFull', NULL, NULL, '2017-02-12 11:32:17', '2017-02-12 11:32:17'),
(67, 1, 'Nokia1580', 'Nokia1580Full', 'Nokia1580Description', 'Nokia1580DescriptionFull', NULL, NULL, '2017-02-12 11:32:17', '2017-02-12 11:32:17'),
(68, 1, 'Nokia1590', 'Nokia1590Full', 'Nokia1590Description', 'Nokia1590DescriptionFull', NULL, NULL, '2017-02-12 11:32:17', '2017-02-12 11:32:17'),
(69, 1, 'Nokia1600', 'Nokia1600Full', 'Nokia1600Description', 'Nokia1600DescriptionFull', NULL, NULL, '2017-02-12 11:32:17', '2017-02-12 11:32:17'),
(70, 1, 'Nokia1610', 'Nokia1610Full', 'Nokia1610Description', 'Nokia1610DescriptionFull', NULL, NULL, '2017-02-12 11:32:17', '2017-02-12 11:32:17'),
(71, 1, 'Nokia1620', 'Nokia1620Full', 'Nokia1620Description', 'Nokia1620DescriptionFull', NULL, NULL, '2017-02-12 11:32:17', '2017-02-12 11:32:17'),
(72, 1, 'Nokia1630', 'Nokia1630Full', 'Nokia1630Description', 'Nokia1630DescriptionFull', NULL, NULL, '2017-02-12 11:32:17', '2017-02-12 11:32:17'),
(73, 1, 'Nokia1640', 'Nokia1640Full', 'Nokia1640Description', 'Nokia1640DescriptionFull', NULL, NULL, '2017-02-12 11:32:17', '2017-02-12 11:32:17'),
(74, 1, 'Nokia1650', 'Nokia1650Full', 'Nokia1650Description', 'Nokia1650DescriptionFull', NULL, NULL, '2017-02-12 11:32:17', '2017-02-12 11:32:17'),
(75, 1, 'Nokia1660', 'Nokia1660Full', 'Nokia1660Description', 'Nokia1660DescriptionFull', NULL, NULL, '2017-02-12 11:32:17', '2017-02-12 11:32:17'),
(76, 1, 'Nokia1670', 'Nokia1670Full', 'Nokia1670Description', 'Nokia1670DescriptionFull', NULL, NULL, '2017-02-12 11:32:17', '2017-02-12 11:32:17'),
(77, 1, 'Nokia1680', 'Nokia1680Full', 'Nokia1680Description', 'Nokia1680DescriptionFull', NULL, NULL, '2017-02-12 11:32:17', '2017-02-12 11:32:17'),
(78, 1, 'Nokia1690', 'Nokia1690Full', 'Nokia1690Description', 'Nokia1690DescriptionFull', NULL, NULL, '2017-02-12 11:32:17', '2017-02-12 11:32:17'),
(79, 1, 'Nokia1700', 'Nokia1700Full', 'Nokia1700Description', 'Nokia1700DescriptionFull', NULL, NULL, '2017-02-12 11:32:17', '2017-02-12 11:32:17'),
(80, 1, 'Nokia1710', 'Nokia1710Full', 'Nokia1710Description', 'Nokia1710DescriptionFull', NULL, NULL, '2017-02-12 11:32:17', '2017-02-12 11:32:17'),
(81, 1, 'Nokia1720', 'Nokia1720Full', 'Nokia1720Description', 'Nokia1720DescriptionFull', NULL, NULL, '2017-02-12 11:32:17', '2017-02-12 11:32:17'),
(82, 1, 'Nokia1730', 'Nokia1730Full', 'Nokia1730Description', 'Nokia1730DescriptionFull', NULL, NULL, '2017-02-12 11:32:17', '2017-02-12 11:32:17'),
(83, 1, 'Nokia1740', 'Nokia1740Full', 'Nokia1740Description', 'Nokia1740DescriptionFull', NULL, NULL, '2017-02-12 11:32:17', '2017-02-12 11:32:17'),
(84, 1, 'Nokia1750', 'Nokia1750Full', 'Nokia1750Description', 'Nokia1750DescriptionFull', NULL, NULL, '2017-02-12 11:32:17', '2017-02-12 11:32:17'),
(85, 1, 'Nokia1760', 'Nokia1760Full', 'Nokia1760Description', 'Nokia1760DescriptionFull', NULL, NULL, '2017-02-12 11:32:17', '2017-02-12 11:32:17'),
(86, 1, 'Nokia1770', 'Nokia1770Full', 'Nokia1770Description', 'Nokia1770DescriptionFull', NULL, NULL, '2017-02-12 11:32:17', '2017-02-12 11:32:17'),
(87, 1, 'Nokia1780', 'Nokia1780Full', 'Nokia1780Description', 'Nokia1780DescriptionFull', NULL, NULL, '2017-02-12 11:32:17', '2017-02-12 11:32:17'),
(88, 1, 'Nokia1790', 'Nokia1790Full', 'Nokia1790Description', 'Nokia1790DescriptionFull', NULL, NULL, '2017-02-12 11:32:17', '2017-02-12 11:32:17'),
(89, 1, 'Nokia1800', 'Nokia1800Full', 'Nokia1800Description', 'Nokia1800DescriptionFull', NULL, NULL, '2017-02-12 11:32:17', '2017-02-12 11:32:17'),
(90, 1, 'Nokia1810', 'Nokia1810Full', 'Nokia1810Description', 'Nokia1810DescriptionFull', NULL, NULL, '2017-02-12 11:32:17', '2017-02-12 11:32:17'),
(91, 1, 'Nokia1820', 'Nokia1820Full', 'Nokia1820Description', 'Nokia1820DescriptionFull', NULL, NULL, '2017-02-12 11:32:17', '2017-02-12 11:32:17'),
(92, 1, 'Nokia1830', 'Nokia1830Full', 'Nokia1830Description', 'Nokia1830DescriptionFull', NULL, NULL, '2017-02-12 11:32:17', '2017-02-12 11:32:17'),
(93, 1, 'Nokia1840', 'Nokia1840Full', 'Nokia1840Description', 'Nokia1840DescriptionFull', NULL, NULL, '2017-02-12 11:32:17', '2017-02-12 11:32:17'),
(94, 1, 'Nokia1850', 'Nokia1850Full', 'Nokia1850Description', 'Nokia1850DescriptionFull', NULL, NULL, '2017-02-12 11:32:17', '2017-02-12 11:32:17'),
(95, 1, 'Nokia1860', 'Nokia1860Full', 'Nokia1860Description', 'Nokia1860DescriptionFull', NULL, NULL, '2017-02-12 11:32:17', '2017-02-12 11:32:17'),
(96, 1, 'Nokia1870', 'Nokia1870Full', 'Nokia1870Description', 'Nokia1870DescriptionFull', NULL, NULL, '2017-02-12 11:32:17', '2017-02-12 11:32:17'),
(97, 1, 'Nokia1880', 'Nokia1880Full', 'Nokia1880Description', 'Nokia1880DescriptionFull', NULL, NULL, '2017-02-12 11:32:17', '2017-02-12 11:32:17'),
(98, 1, 'Nokia1890', 'Nokia1890Full', 'Nokia1890Description', 'Nokia1890DescriptionFull', NULL, NULL, '2017-02-12 11:32:17', '2017-02-12 11:32:17'),
(99, 1, 'Nokia1900', 'Nokia1900Full', 'Nokia1900Description', 'Nokia1900DescriptionFull', NULL, NULL, '2017-02-12 11:32:17', '2017-02-12 11:32:17'),
(100, 1, 'Nokia1910', 'Nokia1910Full', 'Nokia1910Description', 'Nokia1910DescriptionFull', NULL, NULL, '2017-02-12 11:32:17', '2017-02-12 11:32:17'),
(101, 1, 'Nokia1920', 'Nokia1920Full', 'Nokia1920Description', 'Nokia1920DescriptionFull', NULL, NULL, '2017-02-12 11:32:17', '2017-02-12 11:32:17'),
(102, 1, 'Nokia1930', 'Nokia1930Full', 'Nokia1930Description', 'Nokia1930DescriptionFull', NULL, NULL, '2017-02-12 11:32:17', '2017-02-12 11:32:17'),
(103, 1, 'Nokia1940', 'Nokia1940Full', 'Nokia1940Description', 'Nokia1940DescriptionFull', NULL, NULL, '2017-02-12 11:32:17', '2017-02-12 11:32:17'),
(104, 1, 'Nokia1950', 'Nokia1950Full', 'Nokia1950Description', 'Nokia1950DescriptionFull', NULL, NULL, '2017-02-12 11:32:17', '2017-02-12 11:32:17'),
(105, 1, 'Nokia1960', 'Nokia1960Full', 'Nokia1960Description', 'Nokia1960DescriptionFull', NULL, NULL, '2017-02-12 11:32:17', '2017-02-12 11:32:17'),
(106, 1, 'Nokia1970', 'Nokia1970Full', 'Nokia1970Description', 'Nokia1970DescriptionFull', NULL, NULL, '2017-02-12 11:32:17', '2017-02-12 11:32:17'),
(107, 1, 'Nokia1980', 'Nokia1980Full', 'Nokia1980Description', 'Nokia1980DescriptionFull', NULL, NULL, '2017-02-12 11:32:17', '2017-02-12 11:32:17'),
(108, 1, 'Nokia1990', 'Nokia1990Full', 'Nokia1990Description', 'Nokia1990DescriptionFull', NULL, NULL, '2017-02-12 11:32:17', '2017-02-12 11:32:17'),
(109, 1, 'Nokia2000', 'Nokia2000Full', 'Nokia2000Description', 'Nokia2000DescriptionFull', NULL, NULL, '2017-02-12 11:32:17', '2017-02-12 11:32:17'),
(110, 1, 'Nokia1000', 'Nokia1000Full', 'Nokia1000Description', 'Nokia1000DescriptionFull', NULL, NULL, '2017-02-12 11:36:40', '2017-02-12 11:36:40'),
(111, 1, 'Nokia1010', 'Nokia1010Full', 'Nokia1010Description', 'Nokia1010DescriptionFull', NULL, NULL, '2017-02-12 11:36:40', '2017-02-12 11:36:40'),
(112, 1, 'Nokia1020', 'Nokia1020Full', 'Nokia1020Description', 'Nokia1020DescriptionFull', NULL, NULL, '2017-02-12 11:36:40', '2017-02-12 11:36:40'),
(113, 1, 'Nokia1030', 'Nokia1030Full', 'Nokia1030Description', 'Nokia1030DescriptionFull', NULL, NULL, '2017-02-12 11:36:40', '2017-02-12 11:36:40'),
(114, 1, 'Nokia1040', 'Nokia1040Full', 'Nokia1040Description', 'Nokia1040DescriptionFull', NULL, NULL, '2017-02-12 11:36:40', '2017-02-12 11:36:40'),
(115, 1, 'Nokia1050', 'Nokia1050Full', 'Nokia1050Description', 'Nokia1050DescriptionFull', NULL, NULL, '2017-02-12 11:36:40', '2017-02-12 11:36:40'),
(116, 1, 'Nokia1060', 'Nokia1060Full', 'Nokia1060Description', 'Nokia1060DescriptionFull', NULL, NULL, '2017-02-12 11:36:40', '2017-02-12 11:36:40'),
(117, 1, 'Nokia1070', 'Nokia1070Full', 'Nokia1070Description', 'Nokia1070DescriptionFull', NULL, NULL, '2017-02-12 11:36:40', '2017-02-12 11:36:40'),
(118, 1, 'Nokia1080', 'Nokia1080Full', 'Nokia1080Description', 'Nokia1080DescriptionFull', NULL, NULL, '2017-02-12 11:36:40', '2017-02-12 11:36:40'),
(119, 1, 'Nokia1090', 'Nokia1090Full', 'Nokia1090Description', 'Nokia1090DescriptionFull', NULL, NULL, '2017-02-12 11:36:40', '2017-02-12 11:36:40'),
(120, 1, 'Nokia1100', 'Nokia1100Full', 'Nokia1100Description', 'Nokia1100DescriptionFull', NULL, NULL, '2017-02-12 11:36:40', '2017-02-12 11:36:40'),
(121, 1, 'Nokia1110', 'Nokia1110Full', 'Nokia1110Description', 'Nokia1110DescriptionFull', NULL, NULL, '2017-02-12 11:36:40', '2017-02-12 11:36:40'),
(122, 1, 'Nokia1120', 'Nokia1120Full', 'Nokia1120Description', 'Nokia1120DescriptionFull', NULL, NULL, '2017-02-12 11:36:40', '2017-02-12 11:36:40'),
(123, 1, 'Nokia1130', 'Nokia1130Full', 'Nokia1130Description', 'Nokia1130DescriptionFull', NULL, NULL, '2017-02-12 11:36:40', '2017-02-12 11:36:40'),
(124, 1, 'Nokia1140', 'Nokia1140Full', 'Nokia1140Description', 'Nokia1140DescriptionFull', NULL, NULL, '2017-02-12 11:36:40', '2017-02-12 11:36:40'),
(125, 1, 'Nokia1150', 'Nokia1150Full', 'Nokia1150Description', 'Nokia1150DescriptionFull', NULL, NULL, '2017-02-12 11:36:40', '2017-02-12 11:36:40'),
(126, 1, 'Nokia1160', 'Nokia1160Full', 'Nokia1160Description', 'Nokia1160DescriptionFull', NULL, NULL, '2017-02-12 11:36:40', '2017-02-12 11:36:40'),
(127, 1, 'Nokia1170', 'Nokia1170Full', 'Nokia1170Description', 'Nokia1170DescriptionFull', NULL, NULL, '2017-02-12 11:36:40', '2017-02-12 11:36:40'),
(128, 1, 'Nokia1180', 'Nokia1180Full', 'Nokia1180Description', 'Nokia1180DescriptionFull', NULL, NULL, '2017-02-12 11:36:40', '2017-02-12 11:36:40'),
(129, 1, 'Nokia1190', 'Nokia1190Full', 'Nokia1190Description', 'Nokia1190DescriptionFull', NULL, NULL, '2017-02-12 11:36:40', '2017-02-12 11:36:40'),
(130, 1, 'Nokia1200', 'Nokia1200Full', 'Nokia1200Description', 'Nokia1200DescriptionFull', NULL, NULL, '2017-02-12 11:36:40', '2017-02-12 11:36:40'),
(131, 1, 'Nokia1210', 'Nokia1210Full', 'Nokia1210Description', 'Nokia1210DescriptionFull', NULL, NULL, '2017-02-12 11:36:40', '2017-02-12 11:36:40'),
(132, 1, 'Nokia1220', 'Nokia1220Full', 'Nokia1220Description', 'Nokia1220DescriptionFull', NULL, NULL, '2017-02-12 11:36:40', '2017-02-12 11:36:40'),
(133, 1, 'Nokia1230', 'Nokia1230Full', 'Nokia1230Description', 'Nokia1230DescriptionFull', NULL, NULL, '2017-02-12 11:36:40', '2017-02-12 11:36:40'),
(134, 1, 'Nokia1240', 'Nokia1240Full', 'Nokia1240Description', 'Nokia1240DescriptionFull', NULL, NULL, '2017-02-12 11:36:40', '2017-02-12 11:36:40'),
(135, 1, 'Nokia1250', 'Nokia1250Full', 'Nokia1250Description', 'Nokia1250DescriptionFull', NULL, NULL, '2017-02-12 11:36:40', '2017-02-12 11:36:40'),
(136, 1, 'Nokia1260', 'Nokia1260Full', 'Nokia1260Description', 'Nokia1260DescriptionFull', NULL, NULL, '2017-02-12 11:36:40', '2017-02-12 11:36:40'),
(137, 1, 'Nokia1270', 'Nokia1270Full', 'Nokia1270Description', 'Nokia1270DescriptionFull', NULL, NULL, '2017-02-12 11:36:40', '2017-02-12 11:36:40'),
(138, 1, 'Nokia1280', 'Nokia1280Full', 'Nokia1280Description', 'Nokia1280DescriptionFull', NULL, NULL, '2017-02-12 11:36:40', '2017-02-12 11:36:40'),
(139, 1, 'Nokia1290', 'Nokia1290Full', 'Nokia1290Description', 'Nokia1290DescriptionFull', NULL, NULL, '2017-02-12 11:36:40', '2017-02-12 11:36:40'),
(140, 1, 'Nokia1300', 'Nokia1300Full', 'Nokia1300Description', 'Nokia1300DescriptionFull', NULL, NULL, '2017-02-12 11:36:40', '2017-02-12 11:36:40'),
(141, 1, 'Nokia1310', 'Nokia1310Full', 'Nokia1310Description', 'Nokia1310DescriptionFull', NULL, NULL, '2017-02-12 11:36:40', '2017-02-12 11:36:40'),
(142, 1, 'Nokia1320', 'Nokia1320Full', 'Nokia1320Description', 'Nokia1320DescriptionFull', NULL, NULL, '2017-02-12 11:36:40', '2017-02-12 11:36:40'),
(143, 1, 'Nokia1330', 'Nokia1330Full', 'Nokia1330Description', 'Nokia1330DescriptionFull', NULL, NULL, '2017-02-12 11:36:40', '2017-02-12 11:36:40'),
(144, 1, 'Nokia1340', 'Nokia1340Full', 'Nokia1340Description', 'Nokia1340DescriptionFull', NULL, NULL, '2017-02-12 11:36:40', '2017-02-12 11:36:40'),
(145, 1, 'Nokia1350', 'Nokia1350Full', 'Nokia1350Description', 'Nokia1350DescriptionFull', NULL, NULL, '2017-02-12 11:36:40', '2017-02-12 11:36:40'),
(146, 1, 'Nokia1360', 'Nokia1360Full', 'Nokia1360Description', 'Nokia1360DescriptionFull', NULL, NULL, '2017-02-12 11:36:40', '2017-02-12 11:36:40'),
(147, 1, 'Nokia1370', 'Nokia1370Full', 'Nokia1370Description', 'Nokia1370DescriptionFull', NULL, NULL, '2017-02-12 11:36:40', '2017-02-12 11:36:40'),
(148, 1, 'Nokia1380', 'Nokia1380Full', 'Nokia1380Description', 'Nokia1380DescriptionFull', NULL, NULL, '2017-02-12 11:36:40', '2017-02-12 11:36:40'),
(149, 1, 'Nokia1390', 'Nokia1390Full', 'Nokia1390Description', 'Nokia1390DescriptionFull', NULL, NULL, '2017-02-12 11:36:40', '2017-02-12 11:36:40'),
(150, 1, 'Nokia1400', 'Nokia1400Full', 'Nokia1400Description', 'Nokia1400DescriptionFull', NULL, NULL, '2017-02-12 11:36:40', '2017-02-12 11:36:40'),
(151, 1, 'Nokia1410', 'Nokia1410Full', 'Nokia1410Description', 'Nokia1410DescriptionFull', NULL, NULL, '2017-02-12 11:36:40', '2017-02-12 11:36:40'),
(152, 1, 'Nokia1420', 'Nokia1420Full', 'Nokia1420Description', 'Nokia1420DescriptionFull', NULL, NULL, '2017-02-12 11:36:40', '2017-02-12 11:36:40'),
(153, 1, 'Nokia1430', 'Nokia1430Full', 'Nokia1430Description', 'Nokia1430DescriptionFull', NULL, NULL, '2017-02-12 11:36:40', '2017-02-12 11:36:40'),
(154, 1, 'Nokia1440', 'Nokia1440Full', 'Nokia1440Description', 'Nokia1440DescriptionFull', NULL, NULL, '2017-02-12 11:36:40', '2017-02-12 11:36:40'),
(155, 1, 'Nokia1450', 'Nokia1450Full', 'Nokia1450Description', 'Nokia1450DescriptionFull', NULL, NULL, '2017-02-12 11:36:40', '2017-02-12 11:36:40'),
(156, 1, 'Nokia1460', 'Nokia1460Full', 'Nokia1460Description', 'Nokia1460DescriptionFull', NULL, NULL, '2017-02-12 11:36:40', '2017-02-12 11:36:40'),
(157, 1, 'Nokia1470', 'Nokia1470Full', 'Nokia1470Description', 'Nokia1470DescriptionFull', NULL, NULL, '2017-02-12 11:36:40', '2017-02-12 11:36:40'),
(158, 1, 'Nokia1480', 'Nokia1480Full', 'Nokia1480Description', 'Nokia1480DescriptionFull', NULL, NULL, '2017-02-12 11:36:40', '2017-02-12 11:36:40'),
(159, 1, 'Nokia1490', 'Nokia1490Full', 'Nokia1490Description', 'Nokia1490DescriptionFull', NULL, NULL, '2017-02-12 11:36:40', '2017-02-12 11:36:40'),
(160, 1, 'Nokia1500', 'Nokia1500Full', 'Nokia1500Description', 'Nokia1500DescriptionFull', NULL, NULL, '2017-02-12 11:36:40', '2017-02-12 11:36:40'),
(161, 1, 'Nokia1510', 'Nokia1510Full', 'Nokia1510Description', 'Nokia1510DescriptionFull', NULL, NULL, '2017-02-12 11:36:40', '2017-02-12 11:36:40'),
(162, 1, 'Nokia1520', 'Nokia1520Full', 'Nokia1520Description', 'Nokia1520DescriptionFull', NULL, NULL, '2017-02-12 11:36:40', '2017-02-12 11:36:40'),
(163, 1, 'Nokia1530', 'Nokia1530Full', 'Nokia1530Description', 'Nokia1530DescriptionFull', NULL, NULL, '2017-02-12 11:36:40', '2017-02-12 11:36:40'),
(164, 1, 'Nokia1540', 'Nokia1540Full', 'Nokia1540Description', 'Nokia1540DescriptionFull', NULL, NULL, '2017-02-12 11:36:40', '2017-02-12 11:36:40'),
(165, 1, 'Nokia1550', 'Nokia1550Full', 'Nokia1550Description', 'Nokia1550DescriptionFull', NULL, NULL, '2017-02-12 11:36:40', '2017-02-12 11:36:40'),
(166, 1, 'Nokia1560', 'Nokia1560Full', 'Nokia1560Description', 'Nokia1560DescriptionFull', NULL, NULL, '2017-02-12 11:36:40', '2017-02-12 11:36:40'),
(167, 1, 'Nokia1570', 'Nokia1570Full', 'Nokia1570Description', 'Nokia1570DescriptionFull', NULL, NULL, '2017-02-12 11:36:40', '2017-02-12 11:36:40'),
(168, 1, 'Nokia1580', 'Nokia1580Full', 'Nokia1580Description', 'Nokia1580DescriptionFull', NULL, NULL, '2017-02-12 11:36:40', '2017-02-12 11:36:40'),
(169, 1, 'Nokia1590', 'Nokia1590Full', 'Nokia1590Description', 'Nokia1590DescriptionFull', NULL, NULL, '2017-02-12 11:36:40', '2017-02-12 11:36:40'),
(170, 1, 'Nokia1600', 'Nokia1600Full', 'Nokia1600Description', 'Nokia1600DescriptionFull', NULL, NULL, '2017-02-12 11:36:40', '2017-02-12 11:36:40'),
(171, 1, 'Nokia1610', 'Nokia1610Full', 'Nokia1610Description', 'Nokia1610DescriptionFull', NULL, NULL, '2017-02-12 11:36:40', '2017-02-12 11:36:40'),
(172, 1, 'Nokia1620', 'Nokia1620Full', 'Nokia1620Description', 'Nokia1620DescriptionFull', NULL, NULL, '2017-02-12 11:36:40', '2017-02-12 11:36:40'),
(173, 1, 'Nokia1630', 'Nokia1630Full', 'Nokia1630Description', 'Nokia1630DescriptionFull', NULL, NULL, '2017-02-12 11:36:40', '2017-02-12 11:36:40'),
(174, 1, 'Nokia1640', 'Nokia1640Full', 'Nokia1640Description', 'Nokia1640DescriptionFull', NULL, NULL, '2017-02-12 11:36:40', '2017-02-12 11:36:40'),
(175, 1, 'Nokia1650', 'Nokia1650Full', 'Nokia1650Description', 'Nokia1650DescriptionFull', NULL, NULL, '2017-02-12 11:36:40', '2017-02-12 11:36:40'),
(176, 1, 'Nokia1660', 'Nokia1660Full', 'Nokia1660Description', 'Nokia1660DescriptionFull', NULL, NULL, '2017-02-12 11:36:40', '2017-02-12 11:36:40'),
(177, 1, 'Nokia1670', 'Nokia1670Full', 'Nokia1670Description', 'Nokia1670DescriptionFull', NULL, NULL, '2017-02-12 11:36:40', '2017-02-12 11:36:40'),
(178, 1, 'Nokia1680', 'Nokia1680Full', 'Nokia1680Description', 'Nokia1680DescriptionFull', NULL, NULL, '2017-02-12 11:36:40', '2017-02-12 11:36:40'),
(179, 1, 'Nokia1690', 'Nokia1690Full', 'Nokia1690Description', 'Nokia1690DescriptionFull', NULL, NULL, '2017-02-12 11:36:40', '2017-02-12 11:36:40'),
(180, 1, 'Nokia1700', 'Nokia1700Full', 'Nokia1700Description', 'Nokia1700DescriptionFull', NULL, NULL, '2017-02-12 11:36:40', '2017-02-12 11:36:40'),
(181, 1, 'Nokia1710', 'Nokia1710Full', 'Nokia1710Description', 'Nokia1710DescriptionFull', NULL, NULL, '2017-02-12 11:36:40', '2017-02-12 11:36:40'),
(182, 1, 'Nokia1720', 'Nokia1720Full', 'Nokia1720Description', 'Nokia1720DescriptionFull', NULL, NULL, '2017-02-12 11:36:40', '2017-02-12 11:36:40'),
(183, 1, 'Nokia1730', 'Nokia1730Full', 'Nokia1730Description', 'Nokia1730DescriptionFull', NULL, NULL, '2017-02-12 11:36:40', '2017-02-12 11:36:40'),
(184, 1, 'Nokia1740', 'Nokia1740Full', 'Nokia1740Description', 'Nokia1740DescriptionFull', NULL, NULL, '2017-02-12 11:36:40', '2017-02-12 11:36:40'),
(185, 1, 'Nokia1750', 'Nokia1750Full', 'Nokia1750Description', 'Nokia1750DescriptionFull', NULL, NULL, '2017-02-12 11:36:40', '2017-02-12 11:36:40'),
(186, 1, 'Nokia1760', 'Nokia1760Full', 'Nokia1760Description', 'Nokia1760DescriptionFull', NULL, NULL, '2017-02-12 11:36:40', '2017-02-12 11:36:40'),
(187, 1, 'Nokia1770', 'Nokia1770Full', 'Nokia1770Description', 'Nokia1770DescriptionFull', NULL, NULL, '2017-02-12 11:36:40', '2017-02-12 11:36:40'),
(188, 1, 'Nokia1780', 'Nokia1780Full', 'Nokia1780Description', 'Nokia1780DescriptionFull', NULL, NULL, '2017-02-12 11:36:40', '2017-02-12 11:36:40'),
(189, 1, 'Nokia1790', 'Nokia1790Full', 'Nokia1790Description', 'Nokia1790DescriptionFull', NULL, NULL, '2017-02-12 11:36:40', '2017-02-12 11:36:40'),
(190, 1, 'Nokia1800', 'Nokia1800Full', 'Nokia1800Description', 'Nokia1800DescriptionFull', NULL, NULL, '2017-02-12 11:36:40', '2017-02-12 11:36:40'),
(191, 1, 'Nokia1810', 'Nokia1810Full', 'Nokia1810Description', 'Nokia1810DescriptionFull', NULL, NULL, '2017-02-12 11:36:40', '2017-02-12 11:36:40'),
(192, 1, 'Nokia1820', 'Nokia1820Full', 'Nokia1820Description', 'Nokia1820DescriptionFull', NULL, NULL, '2017-02-12 11:36:40', '2017-02-12 11:36:40'),
(193, 1, 'Nokia1830', 'Nokia1830Full', 'Nokia1830Description', 'Nokia1830DescriptionFull', NULL, NULL, '2017-02-12 11:36:40', '2017-02-12 11:36:40'),
(194, 1, 'Nokia1840', 'Nokia1840Full', 'Nokia1840Description', 'Nokia1840DescriptionFull', NULL, NULL, '2017-02-12 11:36:40', '2017-02-12 11:36:40'),
(195, 1, 'Nokia1850', 'Nokia1850Full', 'Nokia1850Description', 'Nokia1850DescriptionFull', NULL, NULL, '2017-02-12 11:36:40', '2017-02-12 11:36:40'),
(196, 1, 'Nokia1860', 'Nokia1860Full', 'Nokia1860Description', 'Nokia1860DescriptionFull', NULL, NULL, '2017-02-12 11:36:40', '2017-02-12 11:36:40'),
(197, 1, 'Nokia1870', 'Nokia1870Full', 'Nokia1870Description', 'Nokia1870DescriptionFull', NULL, NULL, '2017-02-12 11:36:40', '2017-02-12 11:36:40'),
(198, 1, 'Nokia1880', 'Nokia1880Full', 'Nokia1880Description', 'Nokia1880DescriptionFull', NULL, NULL, '2017-02-12 11:36:40', '2017-02-12 11:36:40'),
(199, 1, 'Nokia1890', 'Nokia1890Full', 'Nokia1890Description', 'Nokia1890DescriptionFull', NULL, NULL, '2017-02-12 11:36:40', '2017-02-12 11:36:40'),
(200, 1, 'Nokia1900', 'Nokia1900Full', 'Nokia1900Description', 'Nokia1900DescriptionFull', NULL, NULL, '2017-02-12 11:36:40', '2017-02-12 11:36:40'),
(201, 1, 'Nokia1910', 'Nokia1910Full', 'Nokia1910Description', 'Nokia1910DescriptionFull', NULL, NULL, '2017-02-12 11:36:40', '2017-02-12 11:36:40'),
(202, 1, 'Nokia1920', 'Nokia1920Full', 'Nokia1920Description', 'Nokia1920DescriptionFull', NULL, NULL, '2017-02-12 11:36:40', '2017-02-12 11:36:40'),
(203, 1, 'Nokia1930', 'Nokia1930Full', 'Nokia1930Description', 'Nokia1930DescriptionFull', NULL, NULL, '2017-02-12 11:36:40', '2017-02-12 11:36:40'),
(204, 1, 'Nokia1940', 'Nokia1940Full', 'Nokia1940Description', 'Nokia1940DescriptionFull', NULL, NULL, '2017-02-12 11:36:40', '2017-02-12 11:36:40'),
(205, 1, 'Nokia1950', 'Nokia1950Full', 'Nokia1950Description', 'Nokia1950DescriptionFull', NULL, NULL, '2017-02-12 11:36:40', '2017-02-12 11:36:40'),
(206, 1, 'Nokia1960', 'Nokia1960Full', 'Nokia1960Description', 'Nokia1960DescriptionFull', NULL, NULL, '2017-02-12 11:36:40', '2017-02-12 11:36:40'),
(207, 1, 'Nokia1970', 'Nokia1970Full', 'Nokia1970Description', 'Nokia1970DescriptionFull', NULL, NULL, '2017-02-12 11:36:40', '2017-02-12 11:36:40'),
(208, 1, 'Nokia1980', 'Nokia1980Full', 'Nokia1980Description', 'Nokia1980DescriptionFull', NULL, NULL, '2017-02-12 11:36:40', '2017-02-12 11:36:40'),
(209, 1, 'Nokia1990', 'Nokia1990Full', 'Nokia1990Description', 'Nokia1990DescriptionFull', NULL, NULL, '2017-02-12 11:36:40', '2017-02-12 11:36:40'),
(210, 1, 'Nokia2000', 'Nokia2000Full', 'Nokia2000Description', 'Nokia2000DescriptionFull', NULL, NULL, '2017-02-12 11:36:40', '2017-02-12 11:36:40'),
(211, 6, 'Sumsung SMART TV 0ZX', 'Sumsung SMART TV 0ZXFull', 'Sumsung SMART TV 0ZXDescription', 'Sumsung SMART TV 0ZXDescriptionFull', NULL, NULL, '2017-02-12 13:30:52', '2017-02-12 13:30:52'),
(212, 6, 'Sumsung SMART TV 1010ZX', 'Sumsung SMART TV 1010ZXFull', 'Sumsung SMART TV 1010ZXDescription', 'Sumsung SMART TV 1010ZXDescriptionFull', NULL, NULL, '2017-02-12 13:30:52', '2017-02-12 13:30:52'),
(213, 6, 'Sumsung SMART TV 2020ZX', 'Sumsung SMART TV 2020ZXFull', 'Sumsung SMART TV 2020ZXDescription', 'Sumsung SMART TV 2020ZXDescriptionFull', NULL, NULL, '2017-02-12 13:30:52', '2017-02-12 13:30:52'),
(214, 6, 'Sumsung SMART TV 3030ZX', 'Sumsung SMART TV 3030ZXFull', 'Sumsung SMART TV 3030ZXDescription', 'Sumsung SMART TV 3030ZXDescriptionFull', NULL, NULL, '2017-02-12 13:30:52', '2017-02-12 13:30:52'),
(215, 6, 'Sumsung SMART TV 4040ZX', 'Sumsung SMART TV 4040ZXFull', 'Sumsung SMART TV 4040ZXDescription', 'Sumsung SMART TV 4040ZXDescriptionFull', NULL, NULL, '2017-02-12 13:30:52', '2017-02-12 13:30:52'),
(216, 6, 'Sumsung SMART TV 5050ZX', 'Sumsung SMART TV 5050ZXFull', 'Sumsung SMART TV 5050ZXDescription', 'Sumsung SMART TV 5050ZXDescriptionFull', NULL, NULL, '2017-02-12 13:30:52', '2017-02-12 13:30:52'),
(217, 6, 'Sumsung SMART TV 6060ZX', 'Sumsung SMART TV 6060ZXFull', 'Sumsung SMART TV 6060ZXDescription', 'Sumsung SMART TV 6060ZXDescriptionFull', NULL, NULL, '2017-02-12 13:30:52', '2017-02-12 13:30:52'),
(218, 6, 'Sumsung SMART TV 7070ZX', 'Sumsung SMART TV 7070ZXFull', 'Sumsung SMART TV 7070ZXDescription', 'Sumsung SMART TV 7070ZXDescriptionFull', NULL, NULL, '2017-02-12 13:30:52', '2017-02-12 13:30:52'),
(219, 6, 'Sumsung SMART TV 8080ZX', 'Sumsung SMART TV 8080ZXFull', 'Sumsung SMART TV 8080ZXDescription', 'Sumsung SMART TV 8080ZXDescriptionFull', NULL, NULL, '2017-02-12 13:30:52', '2017-02-12 13:30:52'),
(220, 6, 'Sumsung SMART TV 9090ZX', 'Sumsung SMART TV 9090ZXFull', 'Sumsung SMART TV 9090ZXDescription', 'Sumsung SMART TV 9090ZXDescriptionFull', NULL, NULL, '2017-02-12 13:30:52', '2017-02-12 13:30:52'),
(221, 6, 'Sumsung SMART TV 10100ZX', 'Sumsung SMART TV 10100ZXFull', 'Sumsung SMART TV 10100ZXDescription', 'Sumsung SMART TV 10100ZXDescriptionFull', NULL, NULL, '2017-02-12 13:30:52', '2017-02-12 13:30:52'),
(222, 6, 'Sumsung SMART TV 11110ZX', 'Sumsung SMART TV 11110ZXFull', 'Sumsung SMART TV 11110ZXDescription', 'Sumsung SMART TV 11110ZXDescriptionFull', NULL, NULL, '2017-02-12 13:30:52', '2017-02-12 13:30:52'),
(223, 6, 'Sumsung SMART TV 12120ZX', 'Sumsung SMART TV 12120ZXFull', 'Sumsung SMART TV 12120ZXDescription', 'Sumsung SMART TV 12120ZXDescriptionFull', NULL, NULL, '2017-02-12 13:30:52', '2017-02-12 13:30:52'),
(224, 7, 'Sony 1010View20', 'Sony 1010View20Full', 'Sony 1010View20Description', 'Sony 1010View20DescriptionFull', NULL, NULL, '2017-02-12 13:33:24', '2017-02-12 13:33:24'),
(225, 7, 'Sony 2020View40', 'Sony 2020View40Full', 'Sony 2020View40Description', 'Sony 2020View40DescriptionFull', NULL, NULL, '2017-02-12 13:33:24', '2017-02-12 13:33:24'),
(226, 7, 'Sony 3030View60', 'Sony 3030View60Full', 'Sony 3030View60Description', 'Sony 3030View60DescriptionFull', NULL, NULL, '2017-02-12 13:33:24', '2017-02-12 13:33:24'),
(227, 7, 'Sony 4040View80', 'Sony 4040View80Full', 'Sony 4040View80Description', 'Sony 4040View80DescriptionFull', NULL, NULL, '2017-02-12 13:33:24', '2017-02-12 13:33:24'),
(228, 7, 'Sony 5050View100', 'Sony 5050View100Full', 'Sony 5050View100Description', 'Sony 5050View100DescriptionFull', NULL, NULL, '2017-02-12 13:33:24', '2017-02-12 13:33:24'),
(229, 7, 'Sony 6060View120', 'Sony 6060View120Full', 'Sony 6060View120Description', 'Sony 6060View120DescriptionFull', NULL, NULL, '2017-02-12 13:33:24', '2017-02-12 13:33:24'),
(230, 7, 'Sony 7070View140', 'Sony 7070View140Full', 'Sony 7070View140Description', 'Sony 7070View140DescriptionFull', NULL, NULL, '2017-02-12 13:33:24', '2017-02-12 13:33:24'),
(231, 7, 'Sony 8080View160', 'Sony 8080View160Full', 'Sony 8080View160Description', 'Sony 8080View160DescriptionFull', NULL, NULL, '2017-02-12 13:33:24', '2017-02-12 13:33:24'),
(232, 7, 'Sony 9090View180', 'Sony 9090View180Full', 'Sony 9090View180Description', 'Sony 9090View180DescriptionFull', NULL, NULL, '2017-02-12 13:33:24', '2017-02-12 13:33:24'),
(233, 7, 'Sony 10100View200', 'Sony 10100View200Full', 'Sony 10100View200Description', 'Sony 10100View200DescriptionFull', NULL, NULL, '2017-02-12 13:33:24', '2017-02-12 13:33:24'),
(234, 7, 'Sony 11110View220', 'Sony 11110View220Full', 'Sony 11110View220Description', 'Sony 11110View220DescriptionFull', NULL, NULL, '2017-02-12 13:33:24', '2017-02-12 13:33:24'),
(235, 7, 'Sony 12120View240', 'Sony 12120View240Full', 'Sony 12120View240Description', 'Sony 12120View240DescriptionFull', NULL, NULL, '2017-02-12 13:33:24', '2017-02-12 13:33:24'),
(236, 13, 'Lenovo N235-3523NSF', 'Lenovo N235-3523NSF', 'Lenovo N235-3523NSF 2Ghz 4RAM 1T HDD', 'Lenovo N235-3523NSF 2Ghz 4RAM 1T HDD', NULL, NULL, '2017-02-12 13:59:11', '2017-02-12 13:59:11'),
(237, 13, 'Lenovo N235-7523NSF', 'Lenovo N235-7523NSF', 'Lenovo N235-7523NSF 2.4Ghz 8RAM 4T HDD', 'Lenovo N235-7523NSF 2.4Ghz 8RAM 4T HDD', NULL, NULL, '2017-02-12 14:00:23', '2017-02-12 14:00:23'),
(238, 16, 'Sony 1010PS20', 'Sony 1010PS20Full', 'Sony 1010PS20i5 2.3Ghz 4RAM 150G SSD', 'Sony 1010PS20i5 2.3Ghz 4RAM 150G SSDFull', NULL, NULL, '2017-02-12 14:31:06', '2017-02-12 14:03:20'),
(239, 16, 'Sony 2020PS40', 'Sony 2020PS40Full', 'Sony 2020PS40i5 2.3Ghz 4RAM 150G SSD', 'Sony 2020PS40i5 2.3Ghz 4RAM 150G SSDFull', NULL, NULL, '2017-02-12 14:32:11', '2017-02-12 14:03:20'),
(240, 16, 'Sony 3030PS60', 'Sony 3030PS60Full', 'Sony 3030PS60i5 2.3Ghz 4RAM 150G SSD', 'Sony 3030PS60i5 2.3Ghz 4RAM 150G SSDFull', NULL, NULL, '2017-02-12 14:32:11', '2017-02-12 14:03:20'),
(241, 16, 'Sony 4040PS80', 'Sony 4040PS80Full', 'Sony 4040PS80i5 2.3Ghz 4RAM 150G SSD', 'Sony 4040PS80i5 2.3Ghz 4RAM 150G SSDFull', NULL, NULL, '2017-02-12 14:32:11', '2017-02-12 14:03:20'),
(242, 16, 'Sony 5050PS100', 'Sony 5050PS100Full', 'Sony 5050PS100i5 2.3Ghz 4RAM 150G SSD', 'Sony 5050PS100i5 2.3Ghz 4RAM 150G SSDFull', NULL, NULL, '2017-02-12 14:32:11', '2017-02-12 14:03:20'),
(243, 17, 'NoteBooks Sensory 10100PS200', 'NoteBooks Sensory 10100PS200Full', 'NoteBooks Sensory 10100PS200i5 2.3Ghz 4RAM 150G SSD', 'NoteBooks Sensory 10100PS200i5 2.3Ghz 4RAM 150G SSDFull', NULL, NULL, '2017-02-12 14:48:36', '2017-02-12 14:48:36'),
(244, 17, 'NoteBooks Sensory 11110PS220', 'NoteBooks Sensory 11110PS220Full', 'NoteBooks Sensory 11110PS220i5 2.3Ghz 4RAM 150G SSD', 'NoteBooks Sensory 11110PS220i5 2.3Ghz 4RAM 150G SSDFull', NULL, NULL, '2017-02-12 14:48:36', '2017-02-12 14:48:36'),
(245, 17, 'NoteBooks Sensory 12120PS240', 'NoteBooks Sensory 12120PS240Full', 'NoteBooks Sensory 12120PS240i5 2.3Ghz 4RAM 150G SSD', 'NoteBooks Sensory 12120PS240i5 2.3Ghz 4RAM 150G SSDFull', NULL, NULL, '2017-02-12 14:48:36', '2017-02-12 14:48:36'),
(246, 17, 'NoteBooks Sensory 13130PS260', 'NoteBooks Sensory 13130PS260Full', 'NoteBooks Sensory 13130PS260i5 2.3Ghz 4RAM 150G SSD', 'NoteBooks Sensory 13130PS260i5 2.3Ghz 4RAM 150G SSDFull', NULL, NULL, '2017-02-12 14:48:36', '2017-02-12 14:48:36'),
(247, 17, 'NoteBooks Sensory 14140PS280', 'NoteBooks Sensory 14140PS280Full', 'NoteBooks Sensory 14140PS280i5 2.3Ghz 4RAM 150G SSD', 'NoteBooks Sensory 14140PS280i5 2.3Ghz 4RAM 150G SSDFull', NULL, NULL, '2017-02-12 14:48:36', '2017-02-12 14:48:36'),
(248, 17, 'NoteBooks Sensory 15150PS300', 'NoteBooks Sensory 15150PS300Full', 'NoteBooks Sensory 15150PS300i5 2.3Ghz 4RAM 150G SSD', 'NoteBooks Sensory 15150PS300i5 2.3Ghz 4RAM 150G SSDFull', NULL, NULL, '2017-02-12 14:48:36', '2017-02-12 14:48:36'),
(249, 17, 'NoteBooks Sensory 16160PS320', 'NoteBooks Sensory 16160PS320Full', 'NoteBooks Sensory 16160PS320i5 2.3Ghz 4RAM 150G SSD', 'NoteBooks Sensory 16160PS320i5 2.3Ghz 4RAM 150G SSDFull', NULL, NULL, '2017-02-12 14:48:36', '2017-02-12 14:48:36'),
(250, 17, 'NoteBooks Sensory 17170PS340', 'NoteBooks Sensory 17170PS340Full', 'NoteBooks Sensory 17170PS340i5 2.3Ghz 4RAM 150G SSD', 'NoteBooks Sensory 17170PS340i5 2.3Ghz 4RAM 150G SSDFull', NULL, NULL, '2017-02-12 14:48:36', '2017-02-12 14:48:36'),
(251, 17, 'NoteBooks Sensory 18180PS360', 'NoteBooks Sensory 18180PS360Full', 'NoteBooks Sensory 18180PS360i5 2.3Ghz 4RAM 150G SSD', 'NoteBooks Sensory 18180PS360i5 2.3Ghz 4RAM 150G SSDFull', NULL, NULL, '2017-02-12 14:48:36', '2017-02-12 14:48:36'),
(252, 17, 'NoteBooks Sensory 19190PS380', 'NoteBooks Sensory 19190PS380Full', 'NoteBooks Sensory 19190PS380i5 2.3Ghz 4RAM 150G SSD', 'NoteBooks Sensory 19190PS380i5 2.3Ghz 4RAM 150G SSDFull', NULL, NULL, '2017-02-12 14:48:36', '2017-02-12 14:48:36'),
(253, 17, 'NoteBooks Sensory 20200PS400', 'NoteBooks Sensory 20200PS400Full', 'NoteBooks Sensory 20200PS400i5 2.3Ghz 4RAM 150G SSD', 'NoteBooks Sensory 20200PS400i5 2.3Ghz 4RAM 150G SSDFull', NULL, NULL, '2017-02-12 14:48:36', '2017-02-12 14:48:36'),
(254, 17, 'NoteBooks Sensory 21210PS420', 'NoteBooks Sensory 21210PS420Full', 'NoteBooks Sensory 21210PS420i5 2.3Ghz 4RAM 150G SSD', 'NoteBooks Sensory 21210PS420i5 2.3Ghz 4RAM 150G SSDFull', NULL, NULL, '2017-02-12 14:48:36', '2017-02-12 14:48:36'),
(255, 17, 'NoteBooks Sensory 22220PS440', 'NoteBooks Sensory 22220PS440Full', 'NoteBooks Sensory 22220PS440i5 2.3Ghz 4RAM 150G SSD', 'NoteBooks Sensory 22220PS440i5 2.3Ghz 4RAM 150G SSDFull', NULL, NULL, '2017-02-12 14:48:36', '2017-02-12 14:48:36'),
(256, 17, 'NoteBooks Sensory 23230PS460', 'NoteBooks Sensory 23230PS460Full', 'NoteBooks Sensory 23230PS460i5 2.3Ghz 4RAM 150G SSD', 'NoteBooks Sensory 23230PS460i5 2.3Ghz 4RAM 150G SSDFull', NULL, NULL, '2017-02-12 14:48:36', '2017-02-12 14:48:36'),
(257, 17, 'NoteBooks Sensory 24240PS480', 'NoteBooks Sensory 24240PS480Full', 'NoteBooks Sensory 24240PS480i5 2.3Ghz 4RAM 150G SSD', 'NoteBooks Sensory 24240PS480i5 2.3Ghz 4RAM 150G SSDFull', NULL, NULL, '2017-02-12 14:48:36', '2017-02-12 14:48:36'),
(258, 17, 'NoteBooks Sensory 25250PS500', 'NoteBooks Sensory 25250PS500Full', 'NoteBooks Sensory 25250PS500i5 2.3Ghz 4RAM 150G SSD', 'NoteBooks Sensory 25250PS500i5 2.3Ghz 4RAM 150G SSDFull', NULL, NULL, '2017-02-12 14:48:36', '2017-02-12 14:48:36'),
(259, 9, 'Monitor', 'Monitor Full', '(16:9) Monitor', NULL, NULL, NULL, '2017-02-12 22:03:09', '2017-02-12 22:03:09');

--
-- Индексы сохранённых таблиц
--

--
-- Индексы таблицы `alias`
--
ALTER TABLE `alias`
  ADD PRIMARY KEY (`id`),
  ADD KEY `parent_id` (`parent_id`);

--
-- Индексы таблицы `category`
--
ALTER TABLE `category`
  ADD PRIMARY KEY (`id`);

--
-- Индексы таблицы `category_product`
--
ALTER TABLE `category_product`
  ADD PRIMARY KEY (`id`),
  ADD KEY `category_product_category_id_fk` (`category_id`),
  ADD KEY `category_product_product_id_fk` (`product_id`);

--
-- Индексы таблицы `menu`
--
ALTER TABLE `menu`
  ADD PRIMARY KEY (`id`),
  ADD KEY `menu_alias_id_fk` (`alias_id`),
  ADD KEY `menu_category_id_fk` (`category_id`),
  ADD KEY `menu_page_id_fk` (`page_id`);

--
-- Индексы таблицы `page`
--
ALTER TABLE `page`
  ADD PRIMARY KEY (`id`),
  ADD KEY `alias` (`alias_id`);

--
-- Индексы таблицы `price`
--
ALTER TABLE `price`
  ADD PRIMARY KEY (`id`),
  ADD KEY `price_cost_date_modify_index` (`cost`,`date_modify`);

--
-- Индексы таблицы `product`
--
ALTER TABLE `product`
  ADD PRIMARY KEY (`id`);

--
-- AUTO_INCREMENT для сохранённых таблиц
--

--
-- AUTO_INCREMENT для таблицы `alias`
--
ALTER TABLE `alias`
  MODIFY `id` int(11) NOT NULL AUTO_INCREMENT, AUTO_INCREMENT=7;
--
-- AUTO_INCREMENT для таблицы `category`
--
ALTER TABLE `category`
  MODIFY `id` int(11) NOT NULL AUTO_INCREMENT, AUTO_INCREMENT=22;
--
-- AUTO_INCREMENT для таблицы `category_product`
--
ALTER TABLE `category_product`
  MODIFY `id` int(11) NOT NULL AUTO_INCREMENT, AUTO_INCREMENT=21;
--
-- AUTO_INCREMENT для таблицы `menu`
--
ALTER TABLE `menu`
  MODIFY `id` int(11) NOT NULL AUTO_INCREMENT;
--
-- AUTO_INCREMENT для таблицы `page`
--
ALTER TABLE `page`
  MODIFY `id` int(11) NOT NULL AUTO_INCREMENT, AUTO_INCREMENT=4;
--
-- AUTO_INCREMENT для таблицы `price`
--
ALTER TABLE `price`
  MODIFY `id` int(11) NOT NULL AUTO_INCREMENT, AUTO_INCREMENT=771;
--
-- AUTO_INCREMENT для таблицы `product`
--
ALTER TABLE `product`
  MODIFY `id` int(11) NOT NULL AUTO_INCREMENT, AUTO_INCREMENT=260;
--
-- Ограничения внешнего ключа сохраненных таблиц
--

--
-- Ограничения внешнего ключа таблицы `category_product`
--
ALTER TABLE `category_product`
  ADD CONSTRAINT `category_product_category_id_fk` FOREIGN KEY (`category_id`) REFERENCES `category` (`id`),
  ADD CONSTRAINT `category_product_product_id_fk` FOREIGN KEY (`product_id`) REFERENCES `product` (`id`);

--
-- Ограничения внешнего ключа таблицы `menu`
--
ALTER TABLE `menu`
  ADD CONSTRAINT `menu_alias_id_fk` FOREIGN KEY (`alias_id`) REFERENCES `alias` (`id`),
  ADD CONSTRAINT `menu_category_id_fk` FOREIGN KEY (`category_id`) REFERENCES `category` (`id`),
  ADD CONSTRAINT `menu_page_id_fk` FOREIGN KEY (`page_id`) REFERENCES `page` (`id`);

--
-- Ограничения внешнего ключа таблицы `page`
--
ALTER TABLE `page`
  ADD CONSTRAINT `alias` FOREIGN KEY (`alias_id`) REFERENCES `alias` (`id`);

/*!40101 SET CHARACTER_SET_CLIENT=@OLD_CHARACTER_SET_CLIENT */;
/*!40101 SET CHARACTER_SET_RESULTS=@OLD_CHARACTER_SET_RESULTS */;
/*!40101 SET COLLATION_CONNECTION=@OLD_COLLATION_CONNECTION */;
